Date,Fiscal_Year,Season,Fiscal_Quarter
01/01/20,2020,Winter,Q1
02/02/20,2020,Winter,Q1
03/02/20,2020,Winter,Q1
04/02/20,2020,Winter,Q1
05/02/20,2020,Winter,Q1
06/02/20,2020,Winter,Q1
07/02/20,2020,Winter,Q1
08/02/20,2020,Winter,Q1
09/02/20,2020,Winter,Q1
10/02/20,2020,Winter,Q1
11/02/20,2020,Winter,Q1
12/02/20,2020,Winter,Q1
13/02/20,2020,Winter,Q1
14/02/20,2020,Winter,Q1
15/02/20,2020,Winter,Q1
16/02/20,2020,Winter,Q1
17/02/20,2020,Winter,Q1
18/02/20,2020,Winter,Q1
19/02/20,2020,Winter,Q1
20/02/20,2020,Winter,Q1
21/02/20,2020,Winter,Q1
22/02/20,2020,Winter,Q1
23/02/20,2020,Winter,Q1
24/02/20,2020,Winter,Q1
25/02/20,2020,Winter,Q1
26/02/20,2020,Winter,Q1
27/02/20,2020,Winter,Q1
28/02/20,2020,Winter,Q1
29/02/20,2020,Winter,Q1
01/03/20,2020,Spring,Q1
02/03/20,2020,Spring,Q1
03/03/20,2020,Spring,Q1
04/03/20,2020,Spring,Q1
05/03/20,2020,Spring,Q1
06/03/20,2020,Spring,Q1
07/03/20,2020,Spring,Q1
08/03/20,2020,Spring,Q1
09/03/20,2020,Spring,Q1
10/03/20,2020,Spring,Q1
11/03/20,2020,Spring,Q1
12/03/20,2020,Spring,Q1
13/03/20,2020,Spring,Q1
14/03/20,2020,Spring,Q1
15/03/20,2020,Spring,Q1
16/03/20,2020,Spring,Q1
17/03/20,2020,Spring,Q1
18/03/20,2020,Spring,Q1
19/03/20,2020,Spring,Q1
20/03/20,2020,Spring,Q1
21/03/20,2020,Spring,Q1
22/03/20,2020,Spring,Q1
23/03/20,2020,Spring,Q1
24/03/20,2020,Spring,Q1
25/03/20,2020,Spring,Q1
26/03/20,2020,Spring,Q1
27/03/20,2020,Spring,Q1
28/03/20,2020,Spring,Q1
29/03/20,2020,Spring,Q1
30/03/20,2020,Spring,Q1
31/03/20,2020,Spring,Q1
01/04/20,2020,Spring,Q2
02/04/20,2020,Spring,Q2
03/04/20,2020,Spring,Q2
04/04/20,2020,Spring,Q2
05/04/20,2020,Spring,Q2
06/04/20,2020,Spring,Q2
07/04/20,2020,Spring,Q2
08/04/20,2020,Spring,Q2
09/04/20,2020,Spring,Q2
10/04/20,2020,Spring,Q2
11/04/20,2020,Spring,Q2
12/04/20,2020,Spring,Q2
13/04/20,2020,Spring,Q2
14/04/20,2020,Spring,Q2
15/04/20,2020,Spring,Q2
16/04/20,2020,Spring,Q2
17/04/20,2020,Spring,Q2
18/04/20,2020,Spring,Q2
19/04/20,2020,Spring,Q2
20/04/20,2020,Spring,Q2
21/04/20,2020,Spring,Q2
22/04/20,2020,Spring,Q2
23/04/20,2020,Spring,Q2
24/04/20,2020,Spring,Q2
25/04/20,2020,Spring,Q2
26/04/20,2020,Spring,Q2
27/04/20,2020,Spring,Q2
28/04/20,2020,Spring,Q2
29/04/20,2020,Spring,Q2
30/04/20,2020,Spring,Q2
01/05/20,2020,Spring,Q2
02/05/20,2020,Spring,Q2
03/05/20,2020,Spring,Q2
04/05/20,2020,Spring,Q2
05/05/20,2020,Spring,Q2
06/05/20,2020,Spring,Q2
07/05/20,2020,Spring,Q2
08/05/20,2020,Spring,Q2
09/05/20,2020,Spring,Q2
10/05/20,2020,Spring,Q2
11/05/20,2020,Spring,Q2
12/05/20,2020,Spring,Q2
13/05/20,2020,Spring,Q2
14/05/20,2020,Spring,Q2
15/05/20,2020,Spring,Q2
16/05/20,2020,Spring,Q2
17/05/20,2020,Spring,Q2
18/05/20,2020,Spring,Q2
19/05/20,2020,Spring,Q2
20/05/20,2020,Spring,Q2
21/05/20,2020,Spring,Q2
22/05/20,2020,Spring,Q2
23/05/20,2020,Spring,Q2
24/05/20,2020,Spring,Q2
25/05/20,2020,Spring,Q2
26/05/20,2020,Spring,Q2
27/05/20,2020,Spring,Q2
28/05/20,2020,Spring,Q2
29/05/20,2020,Spring,Q2
30/05/20,2020,Spring,Q2
31/05/20,2020,Spring,Q2
01/06/20,2020,Summer,Q2
02/06/20,2020,Summer,Q2
03/06/20,2020,Summer,Q2
04/06/20,2020,Summer,Q2
05/06/20,2020,Summer,Q2
06/06/20,2020,Summer,Q2
07/06/20,2020,Summer,Q2
08/06/20,2020,Summer,Q2
09/06/20,2020,Summer,Q2
10/06/20,2020,Summer,Q2
11/06/20,2020,Summer,Q2
12/06/20,2020,Summer,Q2
13/06/20,2020,Summer,Q2
14/06/20,2020,Summer,Q2
15/06/20,2020,Summer,Q2
16/06/20,2020,Summer,Q2
17/06/20,2020,Summer,Q2
18/06/20,2020,Summer,Q2
19/06/20,2020,Summer,Q2
20/06/20,2020,Summer,Q2
21/06/20,2020,Summer,Q2
22/06/20,2020,Summer,Q2
23/06/20,2020,Summer,Q2
24/06/20,2020,Summer,Q2
25/06/20,2020,Summer,Q2
26/06/20,2020,Summer,Q2
27/06/20,2020,Summer,Q2
28/06/20,2020,Summer,Q2
29/06/20,2020,Summer,Q2
30/06/20,2020,Summer,Q2
01/07/20,2020,Summer,Q3
02/07/20,2020,Summer,Q3
03/07/20,2020,Summer,Q3
04/07/20,2020,Summer,Q3
05/07/20,2020,Summer,Q3
06/07/20,2020,Summer,Q3
07/07/20,2020,Summer,Q3
08/07/20,2020,Summer,Q3
09/07/20,2020,Summer,Q3
10/07/20,2020,Summer,Q3
11/07/20,2020,Summer,Q3
12/07/20,2020,Summer,Q3
13/07/20,2020,Summer,Q3
14/07/20,2020,Summer,Q3
15/07/20,2020,Summer,Q3
16/07/20,2020,Summer,Q3
17/07/20,2020,Summer,Q3
18/07/20,2020,Summer,Q3
19/07/20,2020,Summer,Q3
20/07/20,2020,Summer,Q3
21/07/20,2020,Summer,Q3
22/07/20,2020,Summer,Q3
23/07/20,2020,Summer,Q3
24/07/20,2020,Summer,Q3
25/07/20,2020,Summer,Q3
26/07/20,2020,Summer,Q3
27/07/20,2020,Summer,Q3
28/07/20,2020,Summer,Q3
29/07/20,2020,Summer,Q3
30/07/20,2020,Summer,Q3
31/07/20,2020,Summer,Q3
01/08/20,2020,Summer,Q3
02/08/20,2020,Summer,Q3
03/08/20,2020,Summer,Q3
04/08/20,2020,Summer,Q3
05/08/20,2020,Summer,Q3
06/08/20,2020,Summer,Q3
07/08/20,2020,Summer,Q3
08/08/20,2020,Summer,Q3
09/08/20,2020,Summer,Q3
10/08/20,2020,Summer,Q3
11/08/20,2020,Summer,Q3
12/08/20,2020,Summer,Q3
13/08/20,2020,Summer,Q3
14/08/20,2020,Summer,Q3
15/08/20,2020,Summer,Q3
16/08/20,2020,Summer,Q3
17/08/20,2020,Summer,Q3
18/08/20,2020,Summer,Q3
19/08/20,2020,Summer,Q3
20/08/20,2020,Summer,Q3
21/08/20,2020,Summer,Q3
22/08/20,2020,Summer,Q3
23/08/20,2020,Summer,Q3
24/08/20,2020,Summer,Q3
25/08/20,2020,Summer,Q3
26/08/20,2020,Summer,Q3
27/08/20,2020,Summer,Q3
28/08/20,2020,Summer,Q3
29/08/20,2020,Summer,Q3
30/08/20,2020,Summer,Q3
31/08/20,2020,Summer,Q3
01/09/20,2020,Autumn,Q3
02/09/20,2020,Autumn,Q3
03/09/20,2020,Autumn,Q3
04/09/20,2020,Autumn,Q3
05/09/20,2020,Autumn,Q3
06/09/20,2020,Autumn,Q3
07/09/20,2020,Autumn,Q3
08/09/20,2020,Autumn,Q3
09/09/20,2020,Autumn,Q3
10/09/20,2020,Autumn,Q3
11/09/20,2020,Autumn,Q3
12/09/20,2020,Autumn,Q3
13/09/20,2020,Autumn,Q3
14/09/20,2020,Autumn,Q3
15/09/20,2020,Autumn,Q3
16/09/20,2020,Autumn,Q3
17/09/20,2020,Autumn,Q3
18/09/20,2020,Autumn,Q3
19/09/20,2020,Autumn,Q3
20/09/20,2020,Autumn,Q3
21/09/20,2020,Autumn,Q3
22/09/20,2020,Autumn,Q3
23/09/20,2020,Autumn,Q3
24/09/20,2020,Autumn,Q3
25/09/20,2020,Autumn,Q3
26/09/20,2020,Autumn,Q3
27/09/20,2020,Autumn,Q3
28/09/20,2020,Autumn,Q3
29/09/20,2020,Autumn,Q3
30/09/20,2020,Autumn,Q3
01/10/20,2020,Autumn,Q4
02/10/20,2020,Autumn,Q4
03/10/20,2020,Autumn,Q4
04/10/20,2020,Autumn,Q4
05/10/20,2020,Autumn,Q4
06/10/20,2020,Autumn,Q4
07/10/20,2020,Autumn,Q4
08/10/20,2020,Autumn,Q4
09/10/20,2020,Autumn,Q4
10/10/20,2020,Autumn,Q4
11/10/20,2020,Autumn,Q4
12/10/20,2020,Autumn,Q4
13/10/20,2020,Autumn,Q4
14/10/20,2020,Autumn,Q4
15/10/20,2020,Autumn,Q4
16/10/20,2020,Autumn,Q4
17/10/20,2020,Autumn,Q4
18/10/20,2020,Autumn,Q4
19/10/20,2020,Autumn,Q4
20/10/20,2020,Autumn,Q4
21/10/20,2020,Autumn,Q4
22/10/20,2020,Autumn,Q4
23/10/20,2020,Autumn,Q4
24/10/20,2020,Autumn,Q4
25/10/20,2020,Autumn,Q4
26/10/20,2020,Autumn,Q4
27/10/20,2020,Autumn,Q4
28/10/20,2020,Autumn,Q4
29/10/20,2020,Autumn,Q4
30/10/20,2020,Autumn,Q4
31/10/20,2020,Autumn,Q4
01/11/20,2020,Autumn,Q4
02/11/20,2020,Autumn,Q4
03/11/20,2020,Autumn,Q4
04/11/20,2020,Autumn,Q4
05/11/20,2020,Autumn,Q4
06/11/20,2020,Autumn,Q4
07/11/20,2020,Autumn,Q4
08/11/20,2020,Autumn,Q4
09/11/20,2020,Autumn,Q4
10/11/20,2020,Autumn,Q4
11/11/20,2020,Autumn,Q4
12/11/20,2020,Autumn,Q4
13/11/20,2020,Autumn,Q4
14/11/20,2020,Autumn,Q4
15/11/20,2020,Autumn,Q4
16/11/20,2020,Autumn,Q4
17/11/20,2020,Autumn,Q4
18/11/20,2020,Autumn,Q4
19/11/20,2020,Autumn,Q4
20/11/20,2020,Autumn,Q4
21/11/20,2020,Autumn,Q4
22/11/20,2020,Autumn,Q4
23/11/20,2020,Autumn,Q4
24/11/20,2020,Autumn,Q4
25/11/20,2020,Autumn,Q4
26/11/20,2020,Autumn,Q4
27/11/20,2020,Autumn,Q4
28/11/20,2020,Autumn,Q4
29/11/20,2020,Autumn,Q4
30/11/20,2020,Autumn,Q4
01/12/20,2020,Winter,Q4
02/12/20,2020,Winter,Q4
03/12/20,2020,Winter,Q4
04/12/20,2020,Winter,Q4
05/12/20,2020,Winter,Q4
06/12/20,2020,Winter,Q4
07/12/20,2020,Winter,Q4
08/12/20,2020,Winter,Q4
09/12/20,2020,Winter,Q4
10/12/20,2020,Winter,Q4
11/12/20,2020,Winter,Q4
12/12/20,2020,Winter,Q4
13/12/20,2020,Winter,Q4
14/12/20,2020,Winter,Q4
15/12/20,2020,Winter,Q4
16/12/20,2020,Winter,Q4
17/12/20,2020,Winter,Q4
18/12/20,2020,Winter,Q4
19/12/20,2020,Winter,Q4
20/12/20,2020,Winter,Q4
21/12/20,2020,Winter,Q4
22/12/20,2020,Winter,Q4
23/12/20,2020,Winter,Q4
24/12/20,2020,Winter,Q4
25/12/20,2020,Winter,Q4
26/12/20,2020,Winter,Q4
27/12/20,2020,Winter,Q4
28/12/20,2020,Winter,Q4
29/12/20,2020,Winter,Q4
30/12/20,2020,Winter,Q4
31/12/20,2020,Winter,Q4
01/01/21,2021,Winter,Q1
02/01/21,2021,Winter,Q1
03/01/21,2021,Winter,Q1
04/01/21,2021,Winter,Q1
05/01/21,2021,Winter,Q1
06/01/21,2021,Winter,Q1
07/01/21,2021,Winter,Q1
08/01/21,2021,Winter,Q1
09/01/21,2021,Winter,Q1
10/01/21,2021,Winter,Q1
11/01/21,2021,Winter,Q1
12/01/21,2021,Winter,Q1
13/01/21,2021,Winter,Q1
14/01/21,2021,Winter,Q1
15/01/21,2021,Winter,Q1
16/01/21,2021,Winter,Q1
17/01/21,2021,Winter,Q1
18/01/21,2021,Winter,Q1
19/01/21,2021,Winter,Q1
20/01/21,2021,Winter,Q1
21/01/21,2021,Winter,Q1
22/01/21,2021,Winter,Q1
23/01/21,2021,Winter,Q1
24/01/21,2021,Winter,Q1
25/01/21,2021,Winter,Q1
26/01/21,2021,Winter,Q1
27/01/21,2021,Winter,Q1
28/01/21,2021,Winter,Q1
29/01/21,2021,Winter,Q1
30/01/21,2021,Winter,Q1
31/01/21,2021,Winter,Q1
01/02/21,2021,Winter,Q1
02/02/21,2021,Winter,Q1
03/02/21,2021,Winter,Q1
04/02/21,2021,Winter,Q1
05/02/21,2021,Winter,Q1
06/02/21,2021,Winter,Q1
07/02/21,2021,Winter,Q1
08/02/21,2021,Winter,Q1
09/02/21,2021,Winter,Q1
10/02/21,2021,Winter,Q1
11/02/21,2021,Winter,Q1
12/02/21,2021,Winter,Q1
13/02/21,2021,Winter,Q1
14/02/21,2021,Winter,Q1
15/02/21,2021,Winter,Q1
16/02/21,2021,Winter,Q1
17/02/21,2021,Winter,Q1
18/02/21,2021,Winter,Q1
19/02/21,2021,Winter,Q1
20/02/21,2021,Winter,Q1
21/02/21,2021,Winter,Q1
22/02/21,2021,Winter,Q1
23/02/21,2021,Winter,Q1
24/02/21,2021,Winter,Q1
25/02/21,2021,Winter,Q1
26/02/21,2021,Winter,Q1
27/02/21,2021,Winter,Q1
28/02/21,2021,Winter,Q1
01/03/21,2021,Spring,Q1
02/03/21,2021,Spring,Q1
03/03/21,2021,Spring,Q1
04/03/21,2021,Spring,Q1
05/03/21,2021,Spring,Q1
06/03/21,2021,Spring,Q1
07/03/21,2021,Spring,Q1
08/03/21,2021,Spring,Q1
09/03/21,2021,Spring,Q1
10/03/21,2021,Spring,Q1
11/03/21,2021,Spring,Q1
12/03/21,2021,Spring,Q1
13/03/21,2021,Spring,Q1
14/03/21,2021,Spring,Q1
15/03/21,2021,Spring,Q1
16/03/21,2021,Spring,Q1
17/03/21,2021,Spring,Q1
18/03/21,2021,Spring,Q1
19/03/21,2021,Spring,Q1
20/03/21,2021,Spring,Q1
21/03/21,2021,Spring,Q1
22/03/21,2021,Spring,Q1
23/03/21,2021,Spring,Q1
24/03/21,2021,Spring,Q1
25/03/21,2021,Spring,Q1
26/03/21,2021,Spring,Q1
27/03/21,2021,Spring,Q1
28/03/21,2021,Spring,Q1
29/03/21,2021,Spring,Q1
30/03/21,2021,Spring,Q1
31/03/21,2021,Spring,Q1
01/04/21,2021,Spring,Q2
02/04/21,2021,Spring,Q2
03/04/21,2021,Spring,Q2
04/04/21,2021,Spring,Q2
05/04/21,2021,Spring,Q2
06/04/21,2021,Spring,Q2
07/04/21,2021,Spring,Q2
08/04/21,2021,Spring,Q2
09/04/21,2021,Spring,Q2
10/04/21,2021,Spring,Q2
11/04/21,2021,Spring,Q2
12/04/21,2021,Spring,Q2
13/04/21,2021,Spring,Q2
14/04/21,2021,Spring,Q2
15/04/21,2021,Spring,Q2
16/04/21,2021,Spring,Q2
17/04/21,2021,Spring,Q2
18/04/21,2021,Spring,Q2
19/04/21,2021,Spring,Q2
20/04/21,2021,Spring,Q2
21/04/21,2021,Spring,Q2
22/04/21,2021,Spring,Q2
23/04/21,2021,Spring,Q2
24/04/21,2021,Spring,Q2
25/04/21,2021,Spring,Q2
26/04/21,2021,Spring,Q2
27/04/21,2021,Spring,Q2
28/04/21,2021,Spring,Q2
29/04/21,2021,Spring,Q2
30/04/21,2021,Spring,Q2
01/05/21,2021,Spring,Q2
02/05/21,2021,Spring,Q2
03/05/21,2021,Spring,Q2
04/05/21,2021,Spring,Q2
05/05/21,2021,Spring,Q2
06/05/21,2021,Spring,Q2
07/05/21,2021,Spring,Q2
08/05/21,2021,Spring,Q2
09/05/21,2021,Spring,Q2
10/05/21,2021,Spring,Q2
11/05/21,2021,Spring,Q2
12/05/21,2021,Spring,Q2
13/05/21,2021,Spring,Q2
14/05/21,2021,Spring,Q2
15/05/21,2021,Spring,Q2
16/05/21,2021,Spring,Q2
17/05/21,2021,Spring,Q2
18/05/21,2021,Spring,Q2
19/05/21,2021,Spring,Q2
20/05/21,2021,Spring,Q2
21/05/21,2021,Spring,Q2
22/05/21,2021,Spring,Q2
23/05/21,2021,Spring,Q2
24/05/21,2021,Spring,Q2
25/05/21,2021,Spring,Q2
26/05/21,2021,Spring,Q2
27/05/21,2021,Spring,Q2
28/05/21,2021,Spring,Q2
29/05/21,2021,Spring,Q2
30/05/21,2021,Spring,Q2
31/05/21,2021,Spring,Q2
01/06/21,2021,Summer,Q2
02/06/21,2021,Summer,Q2
03/06/21,2021,Summer,Q2
04/06/21,2021,Summer,Q2
05/06/21,2021,Summer,Q2
06/06/21,2021,Summer,Q2
07/06/21,2021,Summer,Q2
08/06/21,2021,Summer,Q2
09/06/21,2021,Summer,Q2
10/06/21,2021,Summer,Q2
11/06/21,2021,Summer,Q2
12/06/21,2021,Summer,Q2
13/06/21,2021,Summer,Q2
14/06/21,2021,Summer,Q2
15/06/21,2021,Summer,Q2
16/06/21,2021,Summer,Q2
17/06/21,2021,Summer,Q2
18/06/21,2021,Summer,Q2
19/06/21,2021,Summer,Q2
20/06/21,2021,Summer,Q2
21/06/21,2021,Summer,Q2
22/06/21,2021,Summer,Q2
23/06/21,2021,Summer,Q2
24/06/21,2021,Summer,Q2
25/06/21,2021,Summer,Q2
26/06/21,2021,Summer,Q2
27/06/21,2021,Summer,Q2
28/06/21,2021,Summer,Q2
29/06/21,2021,Summer,Q2
30/06/21,2021,Summer,Q2
01/07/21,2021,Summer,Q3
02/07/21,2021,Summer,Q3
03/07/21,2021,Summer,Q3
04/07/21,2021,Summer,Q3
05/07/21,2021,Summer,Q3
06/07/21,2021,Summer,Q3
07/07/21,2021,Summer,Q3
08/07/21,2021,Summer,Q3
09/07/21,2021,Summer,Q3
10/07/21,2021,Summer,Q3
11/07/21,2021,Summer,Q3
12/07/21,2021,Summer,Q3
13/07/21,2021,Summer,Q3
14/07/21,2021,Summer,Q3
15/07/21,2021,Summer,Q3
16/07/21,2021,Summer,Q3
17/07/21,2021,Summer,Q3
18/07/21,2021,Summer,Q3
19/07/21,2021,Summer,Q3
20/07/21,2021,Summer,Q3
21/07/21,2021,Summer,Q3
22/07/21,2021,Summer,Q3
23/07/21,2021,Summer,Q3
24/07/21,2021,Summer,Q3
25/07/21,2021,Summer,Q3
26/07/21,2021,Summer,Q3
27/07/21,2021,Summer,Q3
28/07/21,2021,Summer,Q3
29/07/21,2021,Summer,Q3
30/07/21,2021,Summer,Q3
31/07/21,2021,Summer,Q3
01/08/21,2021,Summer,Q3
02/08/21,2021,Summer,Q3
03/08/21,2021,Summer,Q3
04/08/21,2021,Summer,Q3
05/08/21,2021,Summer,Q3
06/08/21,2021,Summer,Q3
07/08/21,2021,Summer,Q3
08/08/21,2021,Summer,Q3
09/08/21,2021,Summer,Q3
10/08/21,2021,Summer,Q3
11/08/21,2021,Summer,Q3
12/08/21,2021,Summer,Q3
13/08/21,2021,Summer,Q3
14/08/21,2021,Summer,Q3
15/08/21,2021,Summer,Q3
16/08/21,2021,Summer,Q3
17/08/21,2021,Summer,Q3
18/08/21,2021,Summer,Q3
19/08/21,2021,Summer,Q3
20/08/21,2021,Summer,Q3
21/08/21,2021,Summer,Q3
22/08/21,2021,Summer,Q3
23/08/21,2021,Summer,Q3
24/08/21,2021,Summer,Q3
25/08/21,2021,Summer,Q3
26/08/21,2021,Summer,Q3
27/08/21,2021,Summer,Q3
28/08/21,2021,Summer,Q3
29/08/21,2021,Summer,Q3
30/08/21,2021,Summer,Q3
31/08/21,2021,Summer,Q3
01/09/21,2021,Autumn,Q3
02/09/21,2021,Autumn,Q3
03/09/21,2021,Autumn,Q3
04/09/21,2021,Autumn,Q3
05/09/21,2021,Autumn,Q3
06/09/21,2021,Autumn,Q3
07/09/21,2021,Autumn,Q3
08/09/21,2021,Autumn,Q3
09/09/21,2021,Autumn,Q3
10/09/21,2021,Autumn,Q3
11/09/21,2021,Autumn,Q3
12/09/21,2021,Autumn,Q3
13/09/21,2021,Autumn,Q3
14/09/21,2021,Autumn,Q3
15/09/21,2021,Autumn,Q3
16/09/21,2021,Autumn,Q3
17/09/21,2021,Autumn,Q3
18/09/21,2021,Autumn,Q3
19/09/21,2021,Autumn,Q3
20/09/21,2021,Autumn,Q3
21/09/21,2021,Autumn,Q3
22/09/21,2021,Autumn,Q3
23/09/21,2021,Autumn,Q3
24/09/21,2021,Autumn,Q3
25/09/21,2021,Autumn,Q3
26/09/21,2021,Autumn,Q3
27/09/21,2021,Autumn,Q3
28/09/21,2021,Autumn,Q3
29/09/21,2021,Autumn,Q3
30/09/21,2021,Autumn,Q3
01/10/21,2021,Autumn,Q4
02/10/21,2021,Autumn,Q4
03/10/21,2021,Autumn,Q4
04/10/21,2021,Autumn,Q4
05/10/21,2021,Autumn,Q4
06/10/21,2021,Autumn,Q4
07/10/21,2021,Autumn,Q4
08/10/21,2021,Autumn,Q4
09/10/21,2021,Autumn,Q4
10/10/21,2021,Autumn,Q4
11/10/21,2021,Autumn,Q4
12/10/21,2021,Autumn,Q4
13/10/21,2021,Autumn,Q4
14/10/21,2021,Autumn,Q4
15/10/21,2021,Autumn,Q4
16/10/21,2021,Autumn,Q4
17/10/21,2021,Autumn,Q4
18/10/21,2021,Autumn,Q4
19/10/21,2021,Autumn,Q4
20/10/21,2021,Autumn,Q4
21/10/21,2021,Autumn,Q4
22/10/21,2021,Autumn,Q4
23/10/21,2021,Autumn,Q4
24/10/21,2021,Autumn,Q4
25/10/21,2021,Autumn,Q4
26/10/21,2021,Autumn,Q4
27/10/21,2021,Autumn,Q4
28/10/21,2021,Autumn,Q4
29/10/21,2021,Autumn,Q4
30/10/21,2021,Autumn,Q4
31/10/21,2021,Autumn,Q4
01/11/21,2021,Autumn,Q4
02/11/21,2021,Autumn,Q4
03/11/21,2021,Autumn,Q4
04/11/21,2021,Autumn,Q4
05/11/21,2021,Autumn,Q4
06/11/21,2021,Autumn,Q4
07/11/21,2021,Autumn,Q4
08/11/21,2021,Autumn,Q4
09/11/21,2021,Autumn,Q4
10/11/21,2021,Autumn,Q4
11/11/21,2021,Autumn,Q4
12/11/21,2021,Autumn,Q4
13/11/21,2021,Autumn,Q4
14/11/21,2021,Autumn,Q4
15/11/21,2021,Autumn,Q4
16/11/21,2021,Autumn,Q4
17/11/21,2021,Autumn,Q4
18/11/21,2021,Autumn,Q4
19/11/21,2021,Autumn,Q4
20/11/21,2021,Autumn,Q4
21/11/21,2021,Autumn,Q4
22/11/21,2021,Autumn,Q4
23/11/21,2021,Autumn,Q4
24/11/21,2021,Autumn,Q4
25/11/21,2021,Autumn,Q4
26/11/21,2021,Autumn,Q4
27/11/21,2021,Autumn,Q4
28/11/21,2021,Autumn,Q4
29/11/21,2021,Autumn,Q4
30/11/21,2021,Autumn,Q4
01/12/21,2021,Winter,Q4
02/12/21,2021,Winter,Q4
03/12/21,2021,Winter,Q4
04/12/21,2021,Winter,Q4
05/12/21,2021,Winter,Q4
06/12/21,2021,Winter,Q4
07/12/21,2021,Winter,Q4
08/12/21,2021,Winter,Q4
09/12/21,2021,Winter,Q4
10/12/21,2021,Winter,Q4
11/12/21,2021,Winter,Q4
12/12/21,2021,Winter,Q4
13/12/21,2021,Winter,Q4
14/12/21,2021,Winter,Q4
15/12/21,2021,Winter,Q4
16/12/21,2021,Winter,Q4
17/12/21,2021,Winter,Q4
18/12/21,2021,Winter,Q4
19/12/21,2021,Winter,Q4
20/12/21,2021,Winter,Q4
21/12/21,2021,Winter,Q4
22/12/21,2021,Winter,Q4
23/12/21,2021,Winter,Q4
24/12/21,2021,Winter,Q4
25/12/21,2021,Winter,Q4
26/12/21,2021,Winter,Q4
27/12/21,2021,Winter,Q4
28/12/21,2021,Winter,Q4
29/12/21,2021,Winter,Q4
30/12/21,2021,Winter,Q4
31/12/21,2021,Winter,Q4
01/01/22,2022,Winter,Q1
02/01/22,2022,Winter,Q1
03/01/22,2022,Winter,Q1
04/01/22,2022,Winter,Q1
05/01/22,2022,Winter,Q1
06/01/22,2022,Winter,Q1
07/01/22,2022,Winter,Q1
08/01/22,2022,Winter,Q1
09/01/22,2022,Winter,Q1
10/01/22,2022,Winter,Q1
11/01/22,2022,Winter,Q1
12/01/22,2022,Winter,Q1
13/01/22,2022,Winter,Q1
14/01/22,2022,Winter,Q1
15/01/22,2022,Winter,Q1
16/01/22,2022,Winter,Q1
17/01/22,2022,Winter,Q1
18/01/22,2022,Winter,Q1
19/01/22,2022,Winter,Q1
20/01/22,2022,Winter,Q1
21/01/22,2022,Winter,Q1
22/01/22,2022,Winter,Q1
23/01/22,2022,Winter,Q1
24/01/22,2022,Winter,Q1
25/01/22,2022,Winter,Q1
26/01/22,2022,Winter,Q1
27/01/22,2022,Winter,Q1
28/01/22,2022,Winter,Q1
29/01/22,2022,Winter,Q1
30/01/22,2022,Winter,Q1
31/01/22,2022,Winter,Q1
01/02/22,2022,Winter,Q1
02/02/22,2022,Winter,Q1
03/02/22,2022,Winter,Q1
04/02/22,2022,Winter,Q1
05/02/22,2022,Winter,Q1
06/02/22,2022,Winter,Q1
07/02/22,2022,Winter,Q1
08/02/22,2022,Winter,Q1
09/02/22,2022,Winter,Q1
10/02/22,2022,Winter,Q1
11/02/22,2022,Winter,Q1
12/02/22,2022,Winter,Q1
13/02/22,2022,Winter,Q1
14/02/22,2022,Winter,Q1
15/02/22,2022,Winter,Q1
16/02/22,2022,Winter,Q1
17/02/22,2022,Winter,Q1
18/02/22,2022,Winter,Q1
19/02/22,2022,Winter,Q1
20/02/22,2022,Winter,Q1
21/02/22,2022,Winter,Q1
22/02/22,2022,Winter,Q1
23/02/22,2022,Winter,Q1
24/02/22,2022,Winter,Q1
25/02/22,2022,Winter,Q1
26/02/22,2022,Winter,Q1
27/02/22,2022,Winter,Q1
28/02/22,2022,Winter,Q1
01/03/22,2022,Spring,Q1
02/03/22,2022,Spring,Q1
03/03/22,2022,Spring,Q1
04/03/22,2022,Spring,Q1
05/03/22,2022,Spring,Q1
06/03/22,2022,Spring,Q1
07/03/22,2022,Spring,Q1
08/03/22,2022,Spring,Q1
09/03/22,2022,Spring,Q1
10/03/22,2022,Spring,Q1
11/03/22,2022,Spring,Q1
12/03/22,2022,Spring,Q1
13/03/22,2022,Spring,Q1
14/03/22,2022,Spring,Q1
15/03/22,2022,Spring,Q1
16/03/22,2022,Spring,Q1
17/03/22,2022,Spring,Q1
18/03/22,2022,Spring,Q1
19/03/22,2022,Spring,Q1
20/03/22,2022,Spring,Q1
21/03/22,2022,Spring,Q1
22/03/22,2022,Spring,Q1
23/03/22,2022,Spring,Q1
24/03/22,2022,Spring,Q1
25/03/22,2022,Spring,Q1
26/03/22,2022,Spring,Q1
27/03/22,2022,Spring,Q1
28/03/22,2022,Spring,Q1
29/03/22,2022,Spring,Q1
30/03/22,2022,Spring,Q1
31/03/22,2022,Spring,Q1
01/04/22,2022,Spring,Q2
02/04/22,2022,Spring,Q2
03/04/22,2022,Spring,Q2
04/04/22,2022,Spring,Q2
05/04/22,2022,Spring,Q2
06/04/22,2022,Spring,Q2
07/04/22,2022,Spring,Q2
08/04/22,2022,Spring,Q2
09/04/22,2022,Spring,Q2
10/04/22,2022,Spring,Q2
11/04/22,2022,Spring,Q2
12/04/22,2022,Spring,Q2
13/04/22,2022,Spring,Q2
14/04/22,2022,Spring,Q2
15/04/22,2022,Spring,Q2
16/04/22,2022,Spring,Q2
17/04/22,2022,Spring,Q2
18/04/22,2022,Spring,Q2
19/04/22,2022,Spring,Q2
20/04/22,2022,Spring,Q2
21/04/22,2022,Spring,Q2
22/04/22,2022,Spring,Q2
23/04/22,2022,Spring,Q2
24/04/22,2022,Spring,Q2
25/04/22,2022,Spring,Q2
26/04/22,2022,Spring,Q2
27/04/22,2022,Spring,Q2
28/04/22,2022,Spring,Q2
29/04/22,2022,Spring,Q2
30/04/22,2022,Spring,Q2
01/05/22,2022,Spring,Q2
02/05/22,2022,Spring,Q2
03/05/22,2022,Spring,Q2
04/05/22,2022,Spring,Q2
05/05/22,2022,Spring,Q2
06/05/22,2022,Spring,Q2
07/05/22,2022,Spring,Q2
08/05/22,2022,Spring,Q2
09/05/22,2022,Spring,Q2
10/05/22,2022,Spring,Q2
11/05/22,2022,Spring,Q2
12/05/22,2022,Spring,Q2
13/05/22,2022,Spring,Q2
14/05/22,2022,Spring,Q2
15/05/22,2022,Spring,Q2
16/05/22,2022,Spring,Q2
17/05/22,2022,Spring,Q2
18/05/22,2022,Spring,Q2
19/05/22,2022,Spring,Q2
20/05/22,2022,Spring,Q2
21/05/22,2022,Spring,Q2
22/05/22,2022,Spring,Q2
23/05/22,2022,Spring,Q2
24/05/22,2022,Spring,Q2
25/05/22,2022,Spring,Q2
26/05/22,2022,Spring,Q2
27/05/22,2022,Spring,Q2
28/05/22,2022,Spring,Q2
29/05/22,2022,Spring,Q2
30/05/22,2022,Spring,Q2
31/05/22,2022,Spring,Q2
01/06/22,2022,Summer,Q2
02/06/22,2022,Summer,Q2
03/06/22,2022,Summer,Q2
04/06/22,2022,Summer,Q2
05/06/22,2022,Summer,Q2
06/06/22,2022,Summer,Q2
07/06/22,2022,Summer,Q2
08/06/22,2022,Summer,Q2
09/06/22,2022,Summer,Q2
10/06/22,2022,Summer,Q2
11/06/22,2022,Summer,Q2
12/06/22,2022,Summer,Q2
13/06/22,2022,Summer,Q2
14/06/22,2022,Summer,Q2
15/06/22,2022,Summer,Q2
16/06/22,2022,Summer,Q2
17/06/22,2022,Summer,Q2
18/06/22,2022,Summer,Q2
19/06/22,2022,Summer,Q2
20/06/22,2022,Summer,Q2
21/06/22,2022,Summer,Q2
22/06/22,2022,Summer,Q2
23/06/22,2022,Summer,Q2
24/06/22,2022,Summer,Q2
25/06/22,2022,Summer,Q2
26/06/22,2022,Summer,Q2
27/06/22,2022,Summer,Q2
28/06/22,2022,Summer,Q2
29/06/22,2022,Summer,Q2
30/06/22,2022,Summer,Q2
01/07/22,2022,Summer,Q3
02/07/22,2022,Summer,Q3
03/07/22,2022,Summer,Q3
04/07/22,2022,Summer,Q3
05/07/22,2022,Summer,Q3
06/07/22,2022,Summer,Q3
07/07/22,2022,Summer,Q3
08/07/22,2022,Summer,Q3
09/07/22,2022,Summer,Q3
10/07/22,2022,Summer,Q3
11/07/22,2022,Summer,Q3
12/07/22,2022,Summer,Q3
13/07/22,2022,Summer,Q3
14/07/22,2022,Summer,Q3
15/07/22,2022,Summer,Q3
16/07/22,2022,Summer,Q3
17/07/22,2022,Summer,Q3
18/07/22,2022,Summer,Q3
19/07/22,2022,Summer,Q3
20/07/22,2022,Summer,Q3
21/07/22,2022,Summer,Q3
22/07/22,2022,Summer,Q3
23/07/22,2022,Summer,Q3
24/07/22,2022,Summer,Q3
25/07/22,2022,Summer,Q3
26/07/22,2022,Summer,Q3
27/07/22,2022,Summer,Q3
28/07/22,2022,Summer,Q3
29/07/22,2022,Summer,Q3
30/07/22,2022,Summer,Q3
31/07/22,2022,Summer,Q3
01/08/22,2022,Summer,Q3
02/08/22,2022,Summer,Q3
03/08/22,2022,Summer,Q3
04/08/22,2022,Summer,Q3
05/08/22,2022,Summer,Q3
06/08/22,2022,Summer,Q3
07/08/22,2022,Summer,Q3
08/08/22,2022,Summer,Q3
09/08/22,2022,Summer,Q3
10/08/22,2022,Summer,Q3
11/08/22,2022,Summer,Q3
12/08/22,2022,Summer,Q3
13/08/22,2022,Summer,Q3
14/08/22,2022,Summer,Q3
15/08/22,2022,Summer,Q3
16/08/22,2022,Summer,Q3
17/08/22,2022,Summer,Q3
18/08/22,2022,Summer,Q3
19/08/22,2022,Summer,Q3
20/08/22,2022,Summer,Q3
21/08/22,2022,Summer,Q3
22/08/22,2022,Summer,Q3
23/08/22,2022,Summer,Q3
24/08/22,2022,Summer,Q3
25/08/22,2022,Summer,Q3
26/08/22,2022,Summer,Q3
27/08/22,2022,Summer,Q3
28/08/22,2022,Summer,Q3
29/08/22,2022,Summer,Q3
30/08/22,2022,Summer,Q3
31/08/22,2022,Summer,Q3
01/09/22,2022,Autumn,Q3
02/09/22,2022,Autumn,Q3
03/09/22,2022,Autumn,Q3
04/09/22,2022,Autumn,Q3
05/09/22,2022,Autumn,Q3
06/09/22,2022,Autumn,Q3
07/09/22,2022,Autumn,Q3
08/09/22,2022,Autumn,Q3
09/09/22,2022,Autumn,Q3
10/09/22,2022,Autumn,Q3
11/09/22,2022,Autumn,Q3
12/09/22,2022,Autumn,Q3
13/09/22,2022,Autumn,Q3
14/09/22,2022,Autumn,Q3
15/09/22,2022,Autumn,Q3
16/09/22,2022,Autumn,Q3
17/09/22,2022,Autumn,Q3
18/09/22,2022,Autumn,Q3
19/09/22,2022,Autumn,Q3
20/09/22,2022,Autumn,Q3
21/09/22,2022,Autumn,Q3
22/09/22,2022,Autumn,Q3
23/09/22,2022,Autumn,Q3
24/09/22,2022,Autumn,Q3
25/09/22,2022,Autumn,Q3
26/09/22,2022,Autumn,Q3
27/09/22,2022,Autumn,Q3
28/09/22,2022,Autumn,Q3
29/09/22,2022,Autumn,Q3
30/09/22,2022,Autumn,Q3
01/10/22,2022,Autumn,Q4
02/10/22,2022,Autumn,Q4
03/10/22,2022,Autumn,Q4
04/10/22,2022,Autumn,Q4
05/10/22,2022,Autumn,Q4
06/10/22,2022,Autumn,Q4
07/10/22,2022,Autumn,Q4
08/10/22,2022,Autumn,Q4
09/10/22,2022,Autumn,Q4
10/10/22,2022,Autumn,Q4
11/10/22,2022,Autumn,Q4
12/10/22,2022,Autumn,Q4
13/10/22,2022,Autumn,Q4
14/10/22,2022,Autumn,Q4
15/10/22,2022,Autumn,Q4
16/10/22,2022,Autumn,Q4
17/10/22,2022,Autumn,Q4
18/10/22,2022,Autumn,Q4
19/10/22,2022,Autumn,Q4
20/10/22,2022,Autumn,Q4
21/10/22,2022,Autumn,Q4
22/10/22,2022,Autumn,Q4
23/10/22,2022,Autumn,Q4
24/10/22,2022,Autumn,Q4
25/10/22,2022,Autumn,Q4
26/10/22,2022,Autumn,Q4
27/10/22,2022,Autumn,Q4
28/10/22,2022,Autumn,Q4
29/10/22,2022,Autumn,Q4
30/10/22,2022,Autumn,Q4
31/10/22,2022,Autumn,Q4
01/11/22,2022,Autumn,Q4
02/11/22,2022,Autumn,Q4
03/11/22,2022,Autumn,Q4
04/11/22,2022,Autumn,Q4
05/11/22,2022,Autumn,Q4
06/11/22,2022,Autumn,Q4
07/11/22,2022,Autumn,Q4
08/11/22,2022,Autumn,Q4
09/11/22,2022,Autumn,Q4
10/11/22,2022,Autumn,Q4
11/11/22,2022,Autumn,Q4
12/11/22,2022,Autumn,Q4
13/11/22,2022,Autumn,Q4
14/11/22,2022,Autumn,Q4
15/11/22,2022,Autumn,Q4
16/11/22,2022,Autumn,Q4
17/11/22,2022,Autumn,Q4
18/11/22,2022,Autumn,Q4
19/11/22,2022,Autumn,Q4
20/11/22,2022,Autumn,Q4
21/11/22,2022,Autumn,Q4
22/11/22,2022,Autumn,Q4
23/11/22,2022,Autumn,Q4
24/11/22,2022,Autumn,Q4
25/11/22,2022,Autumn,Q4
26/11/22,2022,Autumn,Q4
27/11/22,2022,Autumn,Q4
28/11/22,2022,Autumn,Q4
29/11/22,2022,Autumn,Q4
30/11/22,2022,Autumn,Q4
01/12/22,2022,Winter,Q4
02/12/22,2022,Winter,Q4
03/12/22,2022,Winter,Q4
04/12/22,2022,Winter,Q4
05/12/22,2022,Winter,Q4
06/12/22,2022,Winter,Q4
07/12/22,2022,Winter,Q4
08/12/22,2022,Winter,Q4
09/12/22,2022,Winter,Q4
10/12/22,2022,Winter,Q4
11/12/22,2022,Winter,Q4
12/12/22,2022,Winter,Q4
13/12/22,2022,Winter,Q4
14/12/22,2022,Winter,Q4
15/12/22,2022,Winter,Q4
16/12/22,2022,Winter,Q4
17/12/22,2022,Winter,Q4
18/12/22,2022,Winter,Q4
19/12/22,2022,Winter,Q4
20/12/22,2022,Winter,Q4
21/12/22,2022,Winter,Q4
22/12/22,2022,Winter,Q4
23/12/22,2022,Winter,Q4
24/12/22,2022,Winter,Q4
25/12/22,2022,Winter,Q4
26/12/22,2022,Winter,Q4
27/12/22,2022,Winter,Q4
28/12/22,2022,Winter,Q4
29/12/22,2022,Winter,Q4
30/12/22,2022,Winter,Q4
31/12/22,2022,Winter,Q4
01/01/23,2023,Winter,Q1
02/01/23,2023,Winter,Q1
03/01/23,2023,Winter,Q1
04/01/23,2023,Winter,Q1
05/01/23,2023,Winter,Q1
06/01/23,2023,Winter,Q1
07/01/23,2023,Winter,Q1
08/01/23,2023,Winter,Q1
09/01/23,2023,Winter,Q1
10/01/23,2023,Winter,Q1
11/01/23,2023,Winter,Q1
12/01/23,2023,Winter,Q1
13/01/23,2023,Winter,Q1
14/01/23,2023,Winter,Q1
15/01/23,2023,Winter,Q1
16/01/23,2023,Winter,Q1
17/01/23,2023,Winter,Q1
18/01/23,2023,Winter,Q1
19/01/23,2023,Winter,Q1
20/01/23,2023,Winter,Q1
21/01/23,2023,Winter,Q1
22/01/23,2023,Winter,Q1
23/01/23,2023,Winter,Q1
24/01/23,2023,Winter,Q1
25/01/23,2023,Winter,Q1
26/01/23,2023,Winter,Q1
27/01/23,2023,Winter,Q1
28/01/23,2023,Winter,Q1
29/01/23,2023,Winter,Q1
30/01/23,2023,Winter,Q1
31/01/23,2023,Winter,Q1
01/02/23,2023,Winter,Q1
02/02/23,2023,Winter,Q1
03/02/23,2023,Winter,Q1
04/02/23,2023,Winter,Q1
05/02/23,2023,Winter,Q1
06/02/23,2023,Winter,Q1
07/02/23,2023,Winter,Q1
08/02/23,2023,Winter,Q1
09/02/23,2023,Winter,Q1
10/02/23,2023,Winter,Q1
11/02/23,2023,Winter,Q1
12/02/23,2023,Winter,Q1
13/02/23,2023,Winter,Q1
14/02/23,2023,Winter,Q1
15/02/23,2023,Winter,Q1
16/02/23,2023,Winter,Q1
17/02/23,2023,Winter,Q1
18/02/23,2023,Winter,Q1
19/02/23,2023,Winter,Q1
20/02/23,2023,Winter,Q1
21/02/23,2023,Winter,Q1
22/02/23,2023,Winter,Q1
23/02/23,2023,Winter,Q1
24/02/23,2023,Winter,Q1
25/02/23,2023,Winter,Q1
26/02/23,2023,Winter,Q1
27/02/23,2023,Winter,Q1
28/02/23,2023,Winter,Q1
01/03/23,2023,Spring,Q1
02/03/23,2023,Spring,Q1
03/03/23,2023,Spring,Q1
04/03/23,2023,Spring,Q1
05/03/23,2023,Spring,Q1
06/03/23,2023,Spring,Q1
07/03/23,2023,Spring,Q1
08/03/23,2023,Spring,Q1
09/03/23,2023,Spring,Q1
10/03/23,2023,Spring,Q1
11/03/23,2023,Spring,Q1
12/03/23,2023,Spring,Q1
13/03/23,2023,Spring,Q1
14/03/23,2023,Spring,Q1
15/03/23,2023,Spring,Q1
16/03/23,2023,Spring,Q1
17/03/23,2023,Spring,Q1
18/03/23,2023,Spring,Q1
19/03/23,2023,Spring,Q1
20/03/23,2023,Spring,Q1
21/03/23,2023,Spring,Q1
22/03/23,2023,Spring,Q1
23/03/23,2023,Spring,Q1
24/03/23,2023,Spring,Q1
25/03/23,2023,Spring,Q1
26/03/23,2023,Spring,Q1
27/03/23,2023,Spring,Q1
28/03/23,2023,Spring,Q1
29/03/23,2023,Spring,Q1
30/03/23,2023,Spring,Q1
31/03/23,2023,Spring,Q1
01/04/23,2023,Spring,Q2
02/04/23,2023,Spring,Q2
03/04/23,2023,Spring,Q2
04/04/23,2023,Spring,Q2
05/04/23,2023,Spring,Q2
06/04/23,2023,Spring,Q2
07/04/23,2023,Spring,Q2
08/04/23,2023,Spring,Q2
09/04/23,2023,Spring,Q2
10/04/23,2023,Spring,Q2
11/04/23,2023,Spring,Q2
12/04/23,2023,Spring,Q2
13/04/23,2023,Spring,Q2
14/04/23,2023,Spring,Q2
15/04/23,2023,Spring,Q2
16/04/23,2023,Spring,Q2
17/04/23,2023,Spring,Q2
18/04/23,2023,Spring,Q2
19/04/23,2023,Spring,Q2
20/04/23,2023,Spring,Q2
21/04/23,2023,Spring,Q2
22/04/23,2023,Spring,Q2
23/04/23,2023,Spring,Q2
24/04/23,2023,Spring,Q2
25/04/23,2023,Spring,Q2
26/04/23,2023,Spring,Q2
27/04/23,2023,Spring,Q2
28/04/23,2023,Spring,Q2
29/04/23,2023,Spring,Q2
30/04/23,2023,Spring,Q2
01/05/23,2023,Spring,Q2
02/05/23,2023,Spring,Q2
03/05/23,2023,Spring,Q2
04/05/23,2023,Spring,Q2
05/05/23,2023,Spring,Q2
06/05/23,2023,Spring,Q2
07/05/23,2023,Spring,Q2
08/05/23,2023,Spring,Q2
09/05/23,2023,Spring,Q2
10/05/23,2023,Spring,Q2
11/05/23,2023,Spring,Q2
12/05/23,2023,Spring,Q2
13/05/23,2023,Spring,Q2
14/05/23,2023,Spring,Q2
15/05/23,2023,Spring,Q2
16/05/23,2023,Spring,Q2
17/05/23,2023,Spring,Q2
18/05/23,2023,Spring,Q2
19/05/23,2023,Spring,Q2
20/05/23,2023,Spring,Q2
21/05/23,2023,Spring,Q2
22/05/23,2023,Spring,Q2
23/05/23,2023,Spring,Q2
24/05/23,2023,Spring,Q2
25/05/23,2023,Spring,Q2
26/05/23,2023,Spring,Q2
27/05/23,2023,Spring,Q2
28/05/23,2023,Spring,Q2
29/05/23,2023,Spring,Q2
30/05/23,2023,Spring,Q2
31/05/23,2023,Spring,Q2
01/06/23,2023,Summer,Q2
02/06/23,2023,Summer,Q2
03/06/23,2023,Summer,Q2
04/06/23,2023,Summer,Q2
05/06/23,2023,Summer,Q2
06/06/23,2023,Summer,Q2
07/06/23,2023,Summer,Q2
08/06/23,2023,Summer,Q2
09/06/23,2023,Summer,Q2
10/06/23,2023,Summer,Q2
11/06/23,2023,Summer,Q2
12/06/23,2023,Summer,Q2
13/06/23,2023,Summer,Q2
14/06/23,2023,Summer,Q2
15/06/23,2023,Summer,Q2
16/06/23,2023,Summer,Q2
17/06/23,2023,Summer,Q2
18/06/23,2023,Summer,Q2
19/06/23,2023,Summer,Q2
20/06/23,2023,Summer,Q2
21/06/23,2023,Summer,Q2
22/06/23,2023,Summer,Q2
23/06/23,2023,Summer,Q2
24/06/23,2023,Summer,Q2
25/06/23,2023,Summer,Q2
26/06/23,2023,Summer,Q2
27/06/23,2023,Summer,Q2
28/06/23,2023,Summer,Q2
29/06/23,2023,Summer,Q2
30/06/23,2023,Summer,Q2
01/07/23,2023,Summer,Q3
02/07/23,2023,Summer,Q3
03/07/23,2023,Summer,Q3
04/07/23,2023,Summer,Q3
05/07/23,2023,Summer,Q3
06/07/23,2023,Summer,Q3
07/07/23,2023,Summer,Q3
08/07/23,2023,Summer,Q3
09/07/23,2023,Summer,Q3
10/07/23,2023,Summer,Q3
11/07/23,2023,Summer,Q3
12/07/23,2023,Summer,Q3
13/07/23,2023,Summer,Q3
14/07/23,2023,Summer,Q3
15/07/23,2023,Summer,Q3
16/07/23,2023,Summer,Q3
17/07/23,2023,Summer,Q3
18/07/23,2023,Summer,Q3
19/07/23,2023,Summer,Q3
20/07/23,2023,Summer,Q3
21/07/23,2023,Summer,Q3
22/07/23,2023,Summer,Q3
23/07/23,2023,Summer,Q3
24/07/23,2023,Summer,Q3
25/07/23,2023,Summer,Q3
26/07/23,2023,Summer,Q3
27/07/23,2023,Summer,Q3
28/07/23,2023,Summer,Q3
29/07/23,2023,Summer,Q3
30/07/23,2023,Summer,Q3
31/07/23,2023,Summer,Q3
01/08/23,2023,Summer,Q3
02/08/23,2023,Summer,Q3
03/08/23,2023,Summer,Q3
04/08/23,2023,Summer,Q3
05/08/23,2023,Summer,Q3
06/08/23,2023,Summer,Q3
07/08/23,2023,Summer,Q3
08/08/23,2023,Summer,Q3
09/08/23,2023,Summer,Q3
10/08/23,2023,Summer,Q3
11/08/23,2023,Summer,Q3
12/08/23,2023,Summer,Q3
13/08/23,2023,Summer,Q3
14/08/23,2023,Summer,Q3
15/08/23,2023,Summer,Q3
16/08/23,2023,Summer,Q3
17/08/23,2023,Summer,Q3
18/08/23,2023,Summer,Q3
19/08/23,2023,Summer,Q3
20/08/23,2023,Summer,Q3
21/08/23,2023,Summer,Q3
22/08/23,2023,Summer,Q3
23/08/23,2023,Summer,Q3
24/08/23,2023,Summer,Q3
25/08/23,2023,Summer,Q3
26/08/23,2023,Summer,Q3
27/08/23,2023,Summer,Q3
28/08/23,2023,Summer,Q3
29/08/23,2023,Summer,Q3
30/08/23,2023,Summer,Q3
31/08/23,2023,Summer,Q3
01/09/23,2023,Autumn,Q3
02/09/23,2023,Autumn,Q3
03/09/23,2023,Autumn,Q3
04/09/23,2023,Autumn,Q3
05/09/23,2023,Autumn,Q3
06/09/23,2023,Autumn,Q3
07/09/23,2023,Autumn,Q3
08/09/23,2023,Autumn,Q3
09/09/23,2023,Autumn,Q3
10/09/23,2023,Autumn,Q3
11/09/23,2023,Autumn,Q3
12/09/23,2023,Autumn,Q3
13/09/23,2023,Autumn,Q3
14/09/23,2023,Autumn,Q3
15/09/23,2023,Autumn,Q3
16/09/23,2023,Autumn,Q3
17/09/23,2023,Autumn,Q3
18/09/23,2023,Autumn,Q3
19/09/23,2023,Autumn,Q3
20/09/23,2023,Autumn,Q3
21/09/23,2023,Autumn,Q3
22/09/23,2023,Autumn,Q3
23/09/23,2023,Autumn,Q3
24/09/23,2023,Autumn,Q3
25/09/23,2023,Autumn,Q3
26/09/23,2023,Autumn,Q3
27/09/23,2023,Autumn,Q3
28/09/23,2023,Autumn,Q3
29/09/23,2023,Autumn,Q3
30/09/23,2023,Autumn,Q3
01/10/23,2023,Autumn,Q4
02/10/23,2023,Autumn,Q4
03/10/23,2023,Autumn,Q4
04/10/23,2023,Autumn,Q4
05/10/23,2023,Autumn,Q4
06/10/23,2023,Autumn,Q4
07/10/23,2023,Autumn,Q4
08/10/23,2023,Autumn,Q4
09/10/23,2023,Autumn,Q4
10/10/23,2023,Autumn,Q4
11/10/23,2023,Autumn,Q4
12/10/23,2023,Autumn,Q4
13/10/23,2023,Autumn,Q4
14/10/23,2023,Autumn,Q4
15/10/23,2023,Autumn,Q4
16/10/23,2023,Autumn,Q4
17/10/23,2023,Autumn,Q4
18/10/23,2023,Autumn,Q4
19/10/23,2023,Autumn,Q4
20/10/23,2023,Autumn,Q4
21/10/23,2023,Autumn,Q4
22/10/23,2023,Autumn,Q4
23/10/23,2023,Autumn,Q4
24/10/23,2023,Autumn,Q4
25/10/23,2023,Autumn,Q4
26/10/23,2023,Autumn,Q4
27/10/23,2023,Autumn,Q4
28/10/23,2023,Autumn,Q4
29/10/23,2023,Autumn,Q4
30/10/23,2023,Autumn,Q4
31/10/23,2023,Autumn,Q4
01/11/23,2023,Autumn,Q4
02/11/23,2023,Autumn,Q4
03/11/23,2023,Autumn,Q4
04/11/23,2023,Autumn,Q4
05/11/23,2023,Autumn,Q4
06/11/23,2023,Autumn,Q4
07/11/23,2023,Autumn,Q4
08/11/23,2023,Autumn,Q4
09/11/23,2023,Autumn,Q4
10/11/23,2023,Autumn,Q4
11/11/23,2023,Autumn,Q4
12/11/23,2023,Autumn,Q4
13/11/23,2023,Autumn,Q4
14/11/23,2023,Autumn,Q4
15/11/23,2023,Autumn,Q4
16/11/23,2023,Autumn,Q4
17/11/23,2023,Autumn,Q4
18/11/23,2023,Autumn,Q4
19/11/23,2023,Autumn,Q4
20/11/23,2023,Autumn,Q4
21/11/23,2023,Autumn,Q4
22/11/23,2023,Autumn,Q4
23/11/23,2023,Autumn,Q4
24/11/23,2023,Autumn,Q4
25/11/23,2023,Autumn,Q4
26/11/23,2023,Autumn,Q4
27/11/23,2023,Autumn,Q4
28/11/23,2023,Autumn,Q4
29/11/23,2023,Autumn,Q4
30/11/23,2023,Autumn,Q4
01/12/23,2023,Winter,Q4
02/12/23,2023,Winter,Q4
03/12/23,2023,Winter,Q4
04/12/23,2023,Winter,Q4
05/12/23,2023,Winter,Q4
06/12/23,2023,Winter,Q4
07/12/23,2023,Winter,Q4
08/12/23,2023,Winter,Q4
09/12/23,2023,Winter,Q4
10/12/23,2023,Winter,Q4
11/12/23,2023,Winter,Q4
12/12/23,2023,Winter,Q4
13/12/23,2023,Winter,Q4
14/12/23,2023,Winter,Q4
15/12/23,2023,Winter,Q4
16/12/23,2023,Winter,Q4
17/12/23,2023,Winter,Q4
18/12/23,2023,Winter,Q4
19/12/23,2023,Winter,Q4
20/12/23,2023,Winter,Q4
21/12/23,2023,Winter,Q4
22/12/23,2023,Winter,Q4
23/12/23,2023,Winter,Q4
24/12/23,2023,Winter,Q4
25/12/23,2023,Winter,Q4
26/12/23,2023,Winter,Q4
27/12/23,2023,Winter,Q4
28/12/23,2023,Winter,Q4
29/12/23,2023,Winter,Q4
30/12/23,2023,Winter,Q4
31/12/23,2023,Winter,Q4
01/01/24,2024,Winter,Q1
02/01/24,2024,Winter,Q1
03/01/24,2024,Winter,Q1
04/01/24,2024,Winter,Q1
05/01/24,2024,Winter,Q1
06/01/24,2024,Winter,Q1
07/01/24,2024,Winter,Q1
08/01/24,2024,Winter,Q1
09/01/24,2024,Winter,Q1
10/01/24,2024,Winter,Q1
11/01/24,2024,Winter,Q1
12/01/24,2024,Winter,Q1
13/01/24,2024,Winter,Q1
14/01/24,2024,Winter,Q1
15/01/24,2024,Winter,Q1
16/01/24,2024,Winter,Q1
17/01/24,2024,Winter,Q1
18/01/24,2024,Winter,Q1
19/01/24,2024,Winter,Q1
20/01/24,2024,Winter,Q1
21/01/24,2024,Winter,Q1
22/01/24,2024,Winter,Q1
23/01/24,2024,Winter,Q1
24/01/24,2024,Winter,Q1
25/01/24,2024,Winter,Q1
26/01/24,2024,Winter,Q1
27/01/24,2024,Winter,Q1
28/01/24,2024,Winter,Q1
29/01/24,2024,Winter,Q1
30/01/24,2024,Winter,Q1
31/01/24,2024,Winter,Q1
01/02/24,2024,Winter,Q1
02/02/24,2024,Winter,Q1
03/02/24,2024,Winter,Q1
04/02/24,2024,Winter,Q1
05/02/24,2024,Winter,Q1
06/02/24,2024,Winter,Q1
07/02/24,2024,Winter,Q1
08/02/24,2024,Winter,Q1
09/02/24,2024,Winter,Q1
10/02/24,2024,Winter,Q1
11/02/24,2024,Winter,Q1
12/02/24,2024,Winter,Q1
13/02/24,2024,Winter,Q1
14/02/24,2024,Winter,Q1
15/02/24,2024,Winter,Q1
16/02/24,2024,Winter,Q1
17/02/24,2024,Winter,Q1
18/02/24,2024,Winter,Q1
19/02/24,2024,Winter,Q1
20/02/24,2024,Winter,Q1
21/02/24,2024,Winter,Q1
22/02/24,2024,Winter,Q1
23/02/24,2024,Winter,Q1
24/02/24,2024,Winter,Q1
25/02/24,2024,Winter,Q1
26/02/24,2024,Winter,Q1
27/02/24,2024,Winter,Q1
28/02/24,2024,Winter,Q1
29/02/24,2024,Winter,Q1
01/03/24,2024,Spring,Q1
02/03/24,2024,Spring,Q1
03/03/24,2024,Spring,Q1
04/03/24,2024,Spring,Q1
05/03/24,2024,Spring,Q1
06/03/24,2024,Spring,Q1
07/03/24,2024,Spring,Q1
08/03/24,2024,Spring,Q1
09/03/24,2024,Spring,Q1
10/03/24,2024,Spring,Q1
11/03/24,2024,Spring,Q1
12/03/24,2024,Spring,Q1
13/03/24,2024,Spring,Q1
14/03/24,2024,Spring,Q1
15/03/24,2024,Spring,Q1
16/03/24,2024,Spring,Q1
17/03/24,2024,Spring,Q1
18/03/24,2024,Spring,Q1
19/03/24,2024,Spring,Q1
20/03/24,2024,Spring,Q1
21/03/24,2024,Spring,Q1
22/03/24,2024,Spring,Q1
23/03/24,2024,Spring,Q1
24/03/24,2024,Spring,Q1
25/03/24,2024,Spring,Q1
26/03/24,2024,Spring,Q1
27/03/24,2024,Spring,Q1
28/03/24,2024,Spring,Q1
29/03/24,2024,Spring,Q1
30/03/24,2024,Spring,Q1
31/03/24,2024,Spring,Q1
01/04/24,2024,Spring,Q2
02/04/24,2024,Spring,Q2
03/04/24,2024,Spring,Q2
04/04/24,2024,Spring,Q2
05/04/24,2024,Spring,Q2
06/04/24,2024,Spring,Q2
07/04/24,2024,Spring,Q2
08/04/24,2024,Spring,Q2
09/04/24,2024,Spring,Q2
10/04/24,2024,Spring,Q2
11/04/24,2024,Spring,Q2
12/04/24,2024,Spring,Q2
13/04/24,2024,Spring,Q2
14/04/24,2024,Spring,Q2
15/04/24,2024,Spring,Q2
16/04/24,2024,Spring,Q2
17/04/24,2024,Spring,Q2
18/04/24,2024,Spring,Q2
19/04/24,2024,Spring,Q2
20/04/24,2024,Spring,Q2
21/04/24,2024,Spring,Q2
22/04/24,2024,Spring,Q2
23/04/24,2024,Spring,Q2
24/04/24,2024,Spring,Q2
25/04/24,2024,Spring,Q2
26/04/24,2024,Spring,Q2
27/04/24,2024,Spring,Q2
28/04/24,2024,Spring,Q2
29/04/24,2024,Spring,Q2
30/04/24,2024,Spring,Q2
01/05/24,2024,Spring,Q2
02/05/24,2024,Spring,Q2
03/05/24,2024,Spring,Q2
04/05/24,2024,Spring,Q2
05/05/24,2024,Spring,Q2
06/05/24,2024,Spring,Q2
07/05/24,2024,Spring,Q2
08/05/24,2024,Spring,Q2
09/05/24,2024,Spring,Q2
10/05/24,2024,Spring,Q2
11/05/24,2024,Spring,Q2
12/05/24,2024,Spring,Q2
13/05/24,2024,Spring,Q2
14/05/24,2024,Spring,Q2
15/05/24,2024,Spring,Q2
16/05/24,2024,Spring,Q2
17/05/24,2024,Spring,Q2
18/05/24,2024,Spring,Q2
19/05/24,2024,Spring,Q2
20/05/24,2024,Spring,Q2
21/05/24,2024,Spring,Q2
22/05/24,2024,Spring,Q2
23/05/24,2024,Spring,Q2
24/05/24,2024,Spring,Q2
25/05/24,2024,Spring,Q2
26/05/24,2024,Spring,Q2
27/05/24,2024,Spring,Q2
28/05/24,2024,Spring,Q2
29/05/24,2024,Spring,Q2
30/05/24,2024,Spring,Q2
31/05/24,2024,Spring,Q2
01/06/24,2024,Summer,Q2
02/06/24,2024,Summer,Q2
03/06/24,2024,Summer,Q2
04/06/24,2024,Summer,Q2
05/06/24,2024,Summer,Q2
06/06/24,2024,Summer,Q2
07/06/24,2024,Summer,Q2
08/06/24,2024,Summer,Q2
09/06/24,2024,Summer,Q2
10/06/24,2024,Summer,Q2
11/06/24,2024,Summer,Q2
12/06/24,2024,Summer,Q2
13/06/24,2024,Summer,Q2
14/06/24,2024,Summer,Q2
15/06/24,2024,Summer,Q2
16/06/24,2024,Summer,Q2
17/06/24,2024,Summer,Q2
18/06/24,2024,Summer,Q2
19/06/24,2024,Summer,Q2
20/06/24,2024,Summer,Q2
21/06/24,2024,Summer,Q2
22/06/24,2024,Summer,Q2
23/06/24,2024,Summer,Q2
24/06/24,2024,Summer,Q2
25/06/24,2024,Summer,Q2
26/06/24,2024,Summer,Q2
27/06/24,2024,Summer,Q2
28/06/24,2024,Summer,Q2
29/06/24,2024,Summer,Q2
30/06/24,2024,Summer,Q2
01/07/24,2024,Summer,Q3
02/07/24,2024,Summer,Q3
03/07/24,2024,Summer,Q3
04/07/24,2024,Summer,Q3
05/07/24,2024,Summer,Q3
06/07/24,2024,Summer,Q3
07/07/24,2024,Summer,Q3
08/07/24,2024,Summer,Q3
09/07/24,2024,Summer,Q3
10/07/24,2024,Summer,Q3
11/07/24,2024,Summer,Q3
12/07/24,2024,Summer,Q3
13/07/24,2024,Summer,Q3
14/07/24,2024,Summer,Q3
15/07/24,2024,Summer,Q3
16/07/24,2024,Summer,Q3
17/07/24,2024,Summer,Q3
18/07/24,2024,Summer,Q3
19/07/24,2024,Summer,Q3
20/07/24,2024,Summer,Q3
21/07/24,2024,Summer,Q3
22/07/24,2024,Summer,Q3
23/07/24,2024,Summer,Q3
24/07/24,2024,Summer,Q3
25/07/24,2024,Summer,Q3
26/07/24,2024,Summer,Q3
27/07/24,2024,Summer,Q3
28/07/24,2024,Summer,Q3
29/07/24,2024,Summer,Q3
30/07/24,2024,Summer,Q3
31/07/24,2024,Summer,Q3
01/08/24,2024,Summer,Q3
02/08/24,2024,Summer,Q3
03/08/24,2024,Summer,Q3
04/08/24,2024,Summer,Q3
05/08/24,2024,Summer,Q3
06/08/24,2024,Summer,Q3
07/08/24,2024,Summer,Q3
08/08/24,2024,Summer,Q3
09/08/24,2024,Summer,Q3
10/08/24,2024,Summer,Q3
11/08/24,2024,Summer,Q3
12/08/24,2024,Summer,Q3
13/08/24,2024,Summer,Q3
14/08/24,2024,Summer,Q3
15/08/24,2024,Summer,Q3
16/08/24,2024,Summer,Q3
17/08/24,2024,Summer,Q3
18/08/24,2024,Summer,Q3
19/08/24,2024,Summer,Q3
20/08/24,2024,Summer,Q3
21/08/24,2024,Summer,Q3
22/08/24,2024,Summer,Q3
23/08/24,2024,Summer,Q3
24/08/24,2024,Summer,Q3
25/08/24,2024,Summer,Q3
26/08/24,2024,Summer,Q3
27/08/24,2024,Summer,Q3
28/08/24,2024,Summer,Q3
29/08/24,2024,Summer,Q3
30/08/24,2024,Summer,Q3
31/08/24,2024,Summer,Q3
01/09/24,2024,Autumn,Q3
02/09/24,2024,Autumn,Q3
03/09/24,2024,Autumn,Q3
04/09/24,2024,Autumn,Q3
05/09/24,2024,Autumn,Q3
06/09/24,2024,Autumn,Q3
07/09/24,2024,Autumn,Q3
08/09/24,2024,Autumn,Q3
09/09/24,2024,Autumn,Q3
10/09/24,2024,Autumn,Q3
11/09/24,2024,Autumn,Q3
12/09/24,2024,Autumn,Q3
13/09/24,2024,Autumn,Q3
14/09/24,2024,Autumn,Q3
15/09/24,2024,Autumn,Q3
16/09/24,2024,Autumn,Q3
17/09/24,2024,Autumn,Q3
18/09/24,2024,Autumn,Q3
19/09/24,2024,Autumn,Q3
20/09/24,2024,Autumn,Q3
21/09/24,2024,Autumn,Q3
22/09/24,2024,Autumn,Q3
23/09/24,2024,Autumn,Q3
24/09/24,2024,Autumn,Q3
25/09/24,2024,Autumn,Q3
26/09/24,2024,Autumn,Q3
27/09/24,2024,Autumn,Q3
28/09/24,2024,Autumn,Q3
29/09/24,2024,Autumn,Q3
30/09/24,2024,Autumn,Q3
01/10/24,2024,Autumn,Q4
02/10/24,2024,Autumn,Q4
03/10/24,2024,Autumn,Q4
04/10/24,2024,Autumn,Q4
05/10/24,2024,Autumn,Q4
06/10/24,2024,Autumn,Q4
07/10/24,2024,Autumn,Q4
08/10/24,2024,Autumn,Q4
09/10/24,2024,Autumn,Q4
10/10/24,2024,Autumn,Q4
11/10/24,2024,Autumn,Q4
12/10/24,2024,Autumn,Q4
13/10/24,2024,Autumn,Q4
14/10/24,2024,Autumn,Q4
15/10/24,2024,Autumn,Q4
16/10/24,2024,Autumn,Q4
17/10/24,2024,Autumn,Q4
18/10/24,2024,Autumn,Q4
19/10/24,2024,Autumn,Q4
20/10/24,2024,Autumn,Q4
21/10/24,2024,Autumn,Q4
22/10/24,2024,Autumn,Q4
23/10/24,2024,Autumn,Q4
24/10/24,2024,Autumn,Q4
25/10/24,2024,Autumn,Q4
26/10/24,2024,Autumn,Q4
27/10/24,2024,Autumn,Q4
28/10/24,2024,Autumn,Q4
29/10/24,2024,Autumn,Q4
30/10/24,2024,Autumn,Q4
31/10/24,2024,Autumn,Q4
01/11/24,2024,Autumn,Q4
02/11/24,2024,Autumn,Q4
03/11/24,2024,Autumn,Q4
04/11/24,2024,Autumn,Q4
05/11/24,2024,Autumn,Q4
06/11/24,2024,Autumn,Q4
07/11/24,2024,Autumn,Q4
08/11/24,2024,Autumn,Q4
09/11/24,2024,Autumn,Q4
10/11/24,2024,Autumn,Q4
11/11/24,2024,Autumn,Q4
12/11/24,2024,Autumn,Q4
13/11/24,2024,Autumn,Q4
14/11/24,2024,Autumn,Q4
15/11/24,2024,Autumn,Q4
16/11/24,2024,Autumn,Q4
17/11/24,2024,Autumn,Q4
18/11/24,2024,Autumn,Q4
19/11/24,2024,Autumn,Q4
20/11/24,2024,Autumn,Q4
21/11/24,2024,Autumn,Q4
22/11/24,2024,Autumn,Q4
23/11/24,2024,Autumn,Q4
24/11/24,2024,Autumn,Q4
25/11/24,2024,Autumn,Q4
26/11/24,2024,Autumn,Q4
27/11/24,2024,Autumn,Q4
28/11/24,2024,Autumn,Q4
29/11/24,2024,Autumn,Q4
30/11/24,2024,Autumn,Q4
01/12/24,2024,Winter,Q4
02/12/24,2024,Winter,Q4
03/12/24,2024,Winter,Q4
04/12/24,2024,Winter,Q4
05/12/24,2024,Winter,Q4
06/12/24,2024,Winter,Q4
07/12/24,2024,Winter,Q4
08/12/24,2024,Winter,Q4
09/12/24,2024,Winter,Q4
10/12/24,2024,Winter,Q4
11/12/24,2024,Winter,Q4
12/12/24,2024,Winter,Q4
13/12/24,2024,Winter,Q4
14/12/24,2024,Winter,Q4
15/12/24,2024,Winter,Q4
16/12/24,2024,Winter,Q4
17/12/24,2024,Winter,Q4
18/12/24,2024,Winter,Q4
19/12/24,2024,Winter,Q4
20/12/24,2024,Winter,Q4
21/12/24,2024,Winter,Q4
22/12/24,2024,Winter,Q4
23/12/24,2024,Winter,Q4
24/12/24,2024,Winter,Q4
25/12/24,2024,Winter,Q4
26/12/24,2024,Winter,Q4
27/12/24,2024,Winter,Q4
28/12/24,2024,Winter,Q4
29/12/24,2024,Winter,Q4
30/12/24,2024,Winter,Q4
31/12/24,2024,Winter,Q4
01/01/25,2025,Winter,Q1
02/01/25,2025,Winter,Q1
03/01/25,2025,Winter,Q1
04/01/25,2025,Winter,Q1
05/01/25,2025,Winter,Q1
06/01/25,2025,Winter,Q1
07/01/25,2025,Winter,Q1
08/01/25,2025,Winter,Q1
09/01/25,2025,Winter,Q1
10/01/25,2025,Winter,Q1
11/01/25,2025,Winter,Q1
12/01/25,2025,Winter,Q1
13/01/25,2025,Winter,Q1
14/01/25,2025,Winter,Q1
15/01/25,2025,Winter,Q1
16/01/25,2025,Winter,Q1
17/01/25,2025,Winter,Q1
18/01/25,2025,Winter,Q1
19/01/25,2025,Winter,Q1
20/01/25,2025,Winter,Q1
21/01/25,2025,Winter,Q1
22/01/25,2025,Winter,Q1
23/01/25,2025,Winter,Q1
24/01/25,2025,Winter,Q1
25/01/25,2025,Winter,Q1
26/01/25,2025,Winter,Q1
27/01/25,2025,Winter,Q1
28/01/25,2025,Winter,Q1
29/01/25,2025,Winter,Q1
30/01/25,2025,Winter,Q1
31/01/25,2025,Winter,Q1
01/02/25,2025,Winter,Q1
02/02/25,2025,Winter,Q1
03/02/25,2025,Winter,Q1
04/02/25,2025,Winter,Q1
05/02/25,2025,Winter,Q1
06/02/25,2025,Winter,Q1
07/02/25,2025,Winter,Q1
08/02/25,2025,Winter,Q1
09/02/25,2025,Winter,Q1
10/02/25,2025,Winter,Q1
11/02/25,2025,Winter,Q1
12/02/25,2025,Winter,Q1
13/02/25,2025,Winter,Q1
14/02/25,2025,Winter,Q1
15/02/25,2025,Winter,Q1
16/02/25,2025,Winter,Q1
17/02/25,2025,Winter,Q1
18/02/25,2025,Winter,Q1
19/02/25,2025,Winter,Q1
20/02/25,2025,Winter,Q1
21/02/25,2025,Winter,Q1
22/02/25,2025,Winter,Q1
23/02/25,2025,Winter,Q1
24/02/25,2025,Winter,Q1
25/02/25,2025,Winter,Q1
26/02/25,2025,Winter,Q1
27/02/25,2025,Winter,Q1
28/02/25,2025,Winter,Q1
01/03/25,2025,Spring,Q1
02/03/25,2025,Spring,Q1
03/03/25,2025,Spring,Q1
04/03/25,2025,Spring,Q1
05/03/25,2025,Spring,Q1
06/03/25,2025,Spring,Q1
07/03/25,2025,Spring,Q1
08/03/25,2025,Spring,Q1
09/03/25,2025,Spring,Q1
10/03/25,2025,Spring,Q1
11/03/25,2025,Spring,Q1
12/03/25,2025,Spring,Q1
13/03/25,2025,Spring,Q1
14/03/25,2025,Spring,Q1
15/03/25,2025,Spring,Q1
16/03/25,2025,Spring,Q1
17/03/25,2025,Spring,Q1
18/03/25,2025,Spring,Q1
19/03/25,2025,Spring,Q1
20/03/25,2025,Spring,Q1
21/03/25,2025,Spring,Q1
22/03/25,2025,Spring,Q1
23/03/25,2025,Spring,Q1
24/03/25,2025,Spring,Q1
25/03/25,2025,Spring,Q1
26/03/25,2025,Spring,Q1
27/03/25,2025,Spring,Q1
28/03/25,2025,Spring,Q1
29/03/25,2025,Spring,Q1
30/03/25,2025,Spring,Q1
31/03/25,2025,Spring,Q1
01/04/25,2025,Spring,Q2
02/04/25,2025,Spring,Q2
03/04/25,2025,Spring,Q2
04/04/25,2025,Spring,Q2
05/04/25,2025,Spring,Q2
06/04/25,2025,Spring,Q2
07/04/25,2025,Spring,Q2
08/04/25,2025,Spring,Q2
09/04/25,2025,Spring,Q2
10/04/25,2025,Spring,Q2
11/04/25,2025,Spring,Q2
12/04/25,2025,Spring,Q2
13/04/25,2025,Spring,Q2
14/04/25,2025,Spring,Q2
15/04/25,2025,Spring,Q2
16/04/25,2025,Spring,Q2
17/04/25,2025,Spring,Q2
18/04/25,2025,Spring,Q2
19/04/25,2025,Spring,Q2
20/04/25,2025,Spring,Q2
21/04/25,2025,Spring,Q2
22/04/25,2025,Spring,Q2
23/04/25,2025,Spring,Q2
24/04/25,2025,Spring,Q2
25/04/25,2025,Spring,Q2
26/04/25,2025,Spring,Q2
27/04/25,2025,Spring,Q2
28/04/25,2025,Spring,Q2
29/04/25,2025,Spring,Q2
30/04/25,2025,Spring,Q2
01/05/25,2025,Spring,Q2
02/05/25,2025,Spring,Q2
03/05/25,2025,Spring,Q2
04/05/25,2025,Spring,Q2
05/05/25,2025,Spring,Q2
06/05/25,2025,Spring,Q2
07/05/25,2025,Spring,Q2
08/05/25,2025,Spring,Q2
09/05/25,2025,Spring,Q2
10/05/25,2025,Spring,Q2
11/05/25,2025,Spring,Q2
12/05/25,2025,Spring,Q2
13/05/25,2025,Spring,Q2
14/05/25,2025,Spring,Q2
15/05/25,2025,Spring,Q2
16/05/25,2025,Spring,Q2
17/05/25,2025,Spring,Q2
18/05/25,2025,Spring,Q2
19/05/25,2025,Spring,Q2
20/05/25,2025,Spring,Q2
21/05/25,2025,Spring,Q2
22/05/25,2025,Spring,Q2
23/05/25,2025,Spring,Q2
24/05/25,2025,Spring,Q2
25/05/25,2025,Spring,Q2
26/05/25,2025,Spring,Q2
27/05/25,2025,Spring,Q2
28/05/25,2025,Spring,Q2
29/05/25,2025,Spring,Q2
30/05/25,2025,Spring,Q2
31/05/25,2025,Spring,Q2
01/06/25,2025,Summer,Q2
02/06/25,2025,Summer,Q2
03/06/25,2025,Summer,Q2
04/06/25,2025,Summer,Q2
05/06/25,2025,Summer,Q2
06/06/25,2025,Summer,Q2
07/06/25,2025,Summer,Q2
08/06/25,2025,Summer,Q2
09/06/25,2025,Summer,Q2
10/06/25,2025,Summer,Q2
11/06/25,2025,Summer,Q2
12/06/25,2025,Summer,Q2
13/06/25,2025,Summer,Q2
14/06/25,2025,Summer,Q2
15/06/25,2025,Summer,Q2
16/06/25,2025,Summer,Q2
17/06/25,2025,Summer,Q2
18/06/25,2025,Summer,Q2
19/06/25,2025,Summer,Q2
20/06/25,2025,Summer,Q2
21/06/25,2025,Summer,Q2
22/06/25,2025,Summer,Q2
23/06/25,2025,Summer,Q2
24/06/25,2025,Summer,Q2
25/06/25,2025,Summer,Q2
26/06/25,2025,Summer,Q2
27/06/25,2025,Summer,Q2
28/06/25,2025,Summer,Q2
29/06/25,2025,Summer,Q2
30/06/25,2025,Summer,Q2
01/07/25,2025,Summer,Q3
02/07/25,2025,Summer,Q3
03/07/25,2025,Summer,Q3
04/07/25,2025,Summer,Q3
05/07/25,2025,Summer,Q3
06/07/25,2025,Summer,Q3
07/07/25,2025,Summer,Q3
08/07/25,2025,Summer,Q3
09/07/25,2025,Summer,Q3
10/07/25,2025,Summer,Q3
11/07/25,2025,Summer,Q3
12/07/25,2025,Summer,Q3
13/07/25,2025,Summer,Q3
14/07/25,2025,Summer,Q3
15/07/25,2025,Summer,Q3
16/07/25,2025,Summer,Q3
17/07/25,2025,Summer,Q3
18/07/25,2025,Summer,Q3
19/07/25,2025,Summer,Q3
20/07/25,2025,Summer,Q3
21/07/25,2025,Summer,Q3
22/07/25,2025,Summer,Q3
23/07/25,2025,Summer,Q3
24/07/25,2025,Summer,Q3
25/07/25,2025,Summer,Q3
26/07/25,2025,Summer,Q3
27/07/25,2025,Summer,Q3
28/07/25,2025,Summer,Q3
29/07/25,2025,Summer,Q3
30/07/25,2025,Summer,Q3
31/07/25,2025,Summer,Q3
01/08/25,2025,Summer,Q3
02/08/25,2025,Summer,Q3
03/08/25,2025,Summer,Q3
04/08/25,2025,Summer,Q3
05/08/25,2025,Summer,Q3
06/08/25,2025,Summer,Q3
07/08/25,2025,Summer,Q3
08/08/25,2025,Summer,Q3
09/08/25,2025,Summer,Q3
10/08/25,2025,Summer,Q3
11/08/25,2025,Summer,Q3
12/08/25,2025,Summer,Q3
13/08/25,2025,Summer,Q3
14/08/25,2025,Summer,Q3
15/08/25,2025,Summer,Q3
16/08/25,2025,Summer,Q3
17/08/25,2025,Summer,Q3
18/08/25,2025,Summer,Q3
19/08/25,2025,Summer,Q3
20/08/25,2025,Summer,Q3
21/08/25,2025,Summer,Q3
22/08/25,2025,Summer,Q3
23/08/25,2025,Summer,Q3
24/08/25,2025,Summer,Q3
25/08/25,2025,Summer,Q3
26/08/25,2025,Summer,Q3
27/08/25,2025,Summer,Q3
28/08/25,2025,Summer,Q3
29/08/25,2025,Summer,Q3
30/08/25,2025,Summer,Q3
31/08/25,2025,Summer,Q3
01/09/25,2025,Autumn,Q3
02/09/25,2025,Autumn,Q3
03/09/25,2025,Autumn,Q3
04/09/25,2025,Autumn,Q3
05/09/25,2025,Autumn,Q3
06/09/25,2025,Autumn,Q3
07/09/25,2025,Autumn,Q3
08/09/25,2025,Autumn,Q3
09/09/25,2025,Autumn,Q3
10/09/25,2025,Autumn,Q3
11/09/25,2025,Autumn,Q3
12/09/25,2025,Autumn,Q3
13/09/25,2025,Autumn,Q3
14/09/25,2025,Autumn,Q3
15/09/25,2025,Autumn,Q3
16/09/25,2025,Autumn,Q3
17/09/25,2025,Autumn,Q3
18/09/25,2025,Autumn,Q3
19/09/25,2025,Autumn,Q3
20/09/25,2025,Autumn,Q3
21/09/25,2025,Autumn,Q3
22/09/25,2025,Autumn,Q3
23/09/25,2025,Autumn,Q3
24/09/25,2025,Autumn,Q3
25/09/25,2025,Autumn,Q3
26/09/25,2025,Autumn,Q3
27/09/25,2025,Autumn,Q3
28/09/25,2025,Autumn,Q3
29/09/25,2025,Autumn,Q3
30/09/25,2025,Autumn,Q3
01/10/25,2025,Autumn,Q4
02/10/25,2025,Autumn,Q4
03/10/25,2025,Autumn,Q4
04/10/25,2025,Autumn,Q4
05/10/25,2025,Autumn,Q4
06/10/25,2025,Autumn,Q4
07/10/25,2025,Autumn,Q4
08/10/25,2025,Autumn,Q4
09/10/25,2025,Autumn,Q4
10/10/25,2025,Autumn,Q4
11/10/25,2025,Autumn,Q4
12/10/25,2025,Autumn,Q4
13/10/25,2025,Autumn,Q4
14/10/25,2025,Autumn,Q4
15/10/25,2025,Autumn,Q4
16/10/25,2025,Autumn,Q4
17/10/25,2025,Autumn,Q4
18/10/25,2025,Autumn,Q4
19/10/25,2025,Autumn,Q4
20/10/25,2025,Autumn,Q4
21/10/25,2025,Autumn,Q4
22/10/25,2025,Autumn,Q4
23/10/25,2025,Autumn,Q4
24/10/25,2025,Autumn,Q4
25/10/25,2025,Autumn,Q4
26/10/25,2025,Autumn,Q4
27/10/25,2025,Autumn,Q4
28/10/25,2025,Autumn,Q4
29/10/25,2025,Autumn,Q4
30/10/25,2025,Autumn,Q4
31/10/25,2025,Autumn,Q4
01/11/25,2025,Autumn,Q4
02/11/25,2025,Autumn,Q4
03/11/25,2025,Autumn,Q4
04/11/25,2025,Autumn,Q4
05/11/25,2025,Autumn,Q4
06/11/25,2025,Autumn,Q4
07/11/25,2025,Autumn,Q4
08/11/25,2025,Autumn,Q4
09/11/25,2025,Autumn,Q4
10/11/25,2025,Autumn,Q4
11/11/25,2025,Autumn,Q4
12/11/25,2025,Autumn,Q4
13/11/25,2025,Autumn,Q4
14/11/25,2025,Autumn,Q4
15/11/25,2025,Autumn,Q4
16/11/25,2025,Autumn,Q4
17/11/25,2025,Autumn,Q4
18/11/25,2025,Autumn,Q4
19/11/25,2025,Autumn,Q4
20/11/25,2025,Autumn,Q4
21/11/25,2025,Autumn,Q4
22/11/25,2025,Autumn,Q4
23/11/25,2025,Autumn,Q4
24/11/25,2025,Autumn,Q4
25/11/25,2025,Autumn,Q4
26/11/25,2025,Autumn,Q4
27/11/25,2025,Autumn,Q4
28/11/25,2025,Autumn,Q4
29/11/25,2025,Autumn,Q4
30/11/25,2025,Autumn,Q4
01/12/25,2025,Winter,Q4
02/12/25,2025,Winter,Q4
03/12/25,2025,Winter,Q4
04/12/25,2025,Winter,Q4
05/12/25,2025,Winter,Q4
06/12/25,2025,Winter,Q4
07/12/25,2025,Winter,Q4
08/12/25,2025,Winter,Q4
09/12/25,2025,Winter,Q4
10/12/25,2025,Winter,Q4
11/12/25,2025,Winter,Q4
12/12/25,2025,Winter,Q4
13/12/25,2025,Winter,Q4
14/12/25,2025,Winter,Q4
15/12/25,2025,Winter,Q4
16/12/25,2025,Winter,Q4
17/12/25,2025,Winter,Q4
18/12/25,2025,Winter,Q4
19/12/25,2025,Winter,Q4
20/12/25,2025,Winter,Q4
21/12/25,2025,Winter,Q4
22/12/25,2025,Winter,Q4
23/12/25,2025,Winter,Q4
24/12/25,2025,Winter,Q4
25/12/25,2025,Winter,Q4
26/12/25,2025,Winter,Q4
27/12/25,2025,Winter,Q4
28/12/25,2025,Winter,Q4
29/12/25,2025,Winter,Q4
30/12/25,2025,Winter,Q4
31/12/25,2025,Winter,Q4
01/01/26,2026,Winter,Q1
02/01/26,2026,Winter,Q1
03/01/26,2026,Winter,Q1
04/01/26,2026,Winter,Q1
05/01/26,2026,Winter,Q1
06/01/26,2026,Winter,Q1
07/01/26,2026,Winter,Q1
08/01/26,2026,Winter,Q1
09/01/26,2026,Winter,Q1
10/01/26,2026,Winter,Q1
11/01/26,2026,Winter,Q1
12/01/26,2026,Winter,Q1
13/01/26,2026,Winter,Q1
14/01/26,2026,Winter,Q1
15/01/26,2026,Winter,Q1
16/01/26,2026,Winter,Q1
17/01/26,2026,Winter,Q1
18/01/26,2026,Winter,Q1
19/01/26,2026,Winter,Q1
20/01/26,2026,Winter,Q1
21/01/26,2026,Winter,Q1
22/01/26,2026,Winter,Q1
23/01/26,2026,Winter,Q1
24/01/26,2026,Winter,Q1
25/01/26,2026,Winter,Q1
26/01/26,2026,Winter,Q1
27/01/26,2026,Winter,Q1
28/01/26,2026,Winter,Q1
29/01/26,2026,Winter,Q1
30/01/26,2026,Winter,Q1
31/01/26,2026,Winter,Q1
01/02/26,2026,Winter,Q1
02/02/26,2026,Winter,Q1
03/02/26,2026,Winter,Q1
04/02/26,2026,Winter,Q1
05/02/26,2026,Winter,Q1
06/02/26,2026,Winter,Q1
07/02/26,2026,Winter,Q1
08/02/26,2026,Winter,Q1
09/02/26,2026,Winter,Q1
10/02/26,2026,Winter,Q1
11/02/26,2026,Winter,Q1
12/02/26,2026,Winter,Q1
13/02/26,2026,Winter,Q1
14/02/26,2026,Winter,Q1
15/02/26,2026,Winter,Q1
16/02/26,2026,Winter,Q1
17/02/26,2026,Winter,Q1
18/02/26,2026,Winter,Q1
19/02/26,2026,Winter,Q1
20/02/26,2026,Winter,Q1
21/02/26,2026,Winter,Q1
22/02/26,2026,Winter,Q1
23/02/26,2026,Winter,Q1
24/02/26,2026,Winter,Q1
25/02/26,2026,Winter,Q1
26/02/26,2026,Winter,Q1
27/02/26,2026,Winter,Q1
28/02/26,2026,Winter,Q1
01/03/26,2026,Spring,Q1
02/03/26,2026,Spring,Q1
03/03/26,2026,Spring,Q1
04/03/26,2026,Spring,Q1
05/03/26,2026,Spring,Q1
06/03/26,2026,Spring,Q1
07/03/26,2026,Spring,Q1
08/03/26,2026,Spring,Q1
09/03/26,2026,Spring,Q1
10/03/26,2026,Spring,Q1
11/03/26,2026,Spring,Q1
12/03/26,2026,Spring,Q1
13/03/26,2026,Spring,Q1
14/03/26,2026,Spring,Q1
15/03/26,2026,Spring,Q1
16/03/26,2026,Spring,Q1
17/03/26,2026,Spring,Q1
18/03/26,2026,Spring,Q1
19/03/26,2026,Spring,Q1
20/03/26,2026,Spring,Q1
21/03/26,2026,Spring,Q1
22/03/26,2026,Spring,Q1
23/03/26,2026,Spring,Q1
24/03/26,2026,Spring,Q1
25/03/26,2026,Spring,Q1
26/03/26,2026,Spring,Q1
27/03/26,2026,Spring,Q1
28/03/26,2026,Spring,Q1
29/03/26,2026,Spring,Q1
30/03/26,2026,Spring,Q1
31/03/26,2026,Spring,Q1
01/04/26,2026,Spring,Q2
02/04/26,2026,Spring,Q2
03/04/26,2026,Spring,Q2
04/04/26,2026,Spring,Q2
05/04/26,2026,Spring,Q2
06/04/26,2026,Spring,Q2
07/04/26,2026,Spring,Q2
08/04/26,2026,Spring,Q2
09/04/26,2026,Spring,Q2
10/04/26,2026,Spring,Q2
11/04/26,2026,Spring,Q2
12/04/26,2026,Spring,Q2
13/04/26,2026,Spring,Q2
14/04/26,2026,Spring,Q2
15/04/26,2026,Spring,Q2
16/04/26,2026,Spring,Q2
17/04/26,2026,Spring,Q2
18/04/26,2026,Spring,Q2
19/04/26,2026,Spring,Q2
20/04/26,2026,Spring,Q2
21/04/26,2026,Spring,Q2
22/04/26,2026,Spring,Q2
23/04/26,2026,Spring,Q2
24/04/26,2026,Spring,Q2
25/04/26,2026,Spring,Q2
26/04/26,2026,Spring,Q2
27/04/26,2026,Spring,Q2
28/04/26,2026,Spring,Q2
29/04/26,2026,Spring,Q2
30/04/26,2026,Spring,Q2
01/05/26,2026,Spring,Q2
02/05/26,2026,Spring,Q2
03/05/26,2026,Spring,Q2
04/05/26,2026,Spring,Q2
05/05/26,2026,Spring,Q2
06/05/26,2026,Spring,Q2
07/05/26,2026,Spring,Q2
08/05/26,2026,Spring,Q2
09/05/26,2026,Spring,Q2
10/05/26,2026,Spring,Q2
11/05/26,2026,Spring,Q2
12/05/26,2026,Spring,Q2
13/05/26,2026,Spring,Q2
14/05/26,2026,Spring,Q2
15/05/26,2026,Spring,Q2
16/05/26,2026,Spring,Q2
17/05/26,2026,Spring,Q2
18/05/26,2026,Spring,Q2
19/05/26,2026,Spring,Q2
20/05/26,2026,Spring,Q2
21/05/26,2026,Spring,Q2
22/05/26,2026,Spring,Q2
23/05/26,2026,Spring,Q2
24/05/26,2026,Spring,Q2
25/05/26,2026,Spring,Q2
26/05/26,2026,Spring,Q2
27/05/26,2026,Spring,Q2
28/05/26,2026,Spring,Q2
29/05/26,2026,Spring,Q2
30/05/26,2026,Spring,Q2
31/05/26,2026,Spring,Q2
01/06/26,2026,Summer,Q2
02/06/26,2026,Summer,Q2
03/06/26,2026,Summer,Q2
04/06/26,2026,Summer,Q2
05/06/26,2026,Summer,Q2
06/06/26,2026,Summer,Q2
07/06/26,2026,Summer,Q2
08/06/26,2026,Summer,Q2
09/06/26,2026,Summer,Q2
10/06/26,2026,Summer,Q2
11/06/26,2026,Summer,Q2
12/06/26,2026,Summer,Q2
13/06/26,2026,Summer,Q2
14/06/26,2026,Summer,Q2
15/06/26,2026,Summer,Q2
16/06/26,2026,Summer,Q2
17/06/26,2026,Summer,Q2
18/06/26,2026,Summer,Q2
19/06/26,2026,Summer,Q2
20/06/26,2026,Summer,Q2
21/06/26,2026,Summer,Q2
22/06/26,2026,Summer,Q2
23/06/26,2026,Summer,Q2
24/06/26,2026,Summer,Q2
25/06/26,2026,Summer,Q2
26/06/26,2026,Summer,Q2
27/06/26,2026,Summer,Q2
28/06/26,2026,Summer,Q2
29/06/26,2026,Summer,Q2
30/06/26,2026,Summer,Q2
01/07/26,2026,Summer,Q3
02/07/26,2026,Summer,Q3
03/07/26,2026,Summer,Q3
04/07/26,2026,Summer,Q3
05/07/26,2026,Summer,Q3
06/07/26,2026,Summer,Q3
07/07/26,2026,Summer,Q3
08/07/26,2026,Summer,Q3
09/07/26,2026,Summer,Q3
10/07/26,2026,Summer,Q3
11/07/26,2026,Summer,Q3
12/07/26,2026,Summer,Q3
13/07/26,2026,Summer,Q3
14/07/26,2026,Summer,Q3
15/07/26,2026,Summer,Q3
16/07/26,2026,Summer,Q3
17/07/26,2026,Summer,Q3
18/07/26,2026,Summer,Q3
19/07/26,2026,Summer,Q3
20/07/26,2026,Summer,Q3
21/07/26,2026,Summer,Q3
22/07/26,2026,Summer,Q3
23/07/26,2026,Summer,Q3
24/07/26,2026,Summer,Q3
25/07/26,2026,Summer,Q3
26/07/26,2026,Summer,Q3
27/07/26,2026,Summer,Q3
28/07/26,2026,Summer,Q3
29/07/26,2026,Summer,Q3
30/07/26,2026,Summer,Q3
31/07/26,2026,Summer,Q3
01/08/26,2026,Summer,Q3
02/08/26,2026,Summer,Q3
03/08/26,2026,Summer,Q3
04/08/26,2026,Summer,Q3
05/08/26,2026,Summer,Q3
06/08/26,2026,Summer,Q3
07/08/26,2026,Summer,Q3
08/08/26,2026,Summer,Q3
09/08/26,2026,Summer,Q3
10/08/26,2026,Summer,Q3
11/08/26,2026,Summer,Q3
12/08/26,2026,Summer,Q3
13/08/26,2026,Summer,Q3
14/08/26,2026,Summer,Q3
15/08/26,2026,Summer,Q3
16/08/26,2026,Summer,Q3
17/08/26,2026,Summer,Q3
18/08/26,2026,Summer,Q3
19/08/26,2026,Summer,Q3
20/08/26,2026,Summer,Q3
21/08/26,2026,Summer,Q3
22/08/26,2026,Summer,Q3
23/08/26,2026,Summer,Q3
24/08/26,2026,Summer,Q3
25/08/26,2026,Summer,Q3
26/08/26,2026,Summer,Q3
27/08/26,2026,Summer,Q3
28/08/26,2026,Summer,Q3
29/08/26,2026,Summer,Q3
30/08/26,2026,Summer,Q3
31/08/26,2026,Summer,Q3
01/09/26,2026,Autumn,Q3
02/09/26,2026,Autumn,Q3
03/09/26,2026,Autumn,Q3
04/09/26,2026,Autumn,Q3
05/09/26,2026,Autumn,Q3
06/09/26,2026,Autumn,Q3
07/09/26,2026,Autumn,Q3
08/09/26,2026,Autumn,Q3
09/09/26,2026,Autumn,Q3
10/09/26,2026,Autumn,Q3
11/09/26,2026,Autumn,Q3
12/09/26,2026,Autumn,Q3
13/09/26,2026,Autumn,Q3
14/09/26,2026,Autumn,Q3
15/09/26,2026,Autumn,Q3
16/09/26,2026,Autumn,Q3
17/09/26,2026,Autumn,Q3
18/09/26,2026,Autumn,Q3
19/09/26,2026,Autumn,Q3
20/09/26,2026,Autumn,Q3
21/09/26,2026,Autumn,Q3
22/09/26,2026,Autumn,Q3
23/09/26,2026,Autumn,Q3
24/09/26,2026,Autumn,Q3
25/09/26,2026,Autumn,Q3
26/09/26,2026,Autumn,Q3
27/09/26,2026,Autumn,Q3
28/09/26,2026,Autumn,Q3
29/09/26,2026,Autumn,Q3
30/09/26,2026,Autumn,Q3
01/10/26,2026,Autumn,Q4
02/10/26,2026,Autumn,Q4
03/10/26,2026,Autumn,Q4
04/10/26,2026,Autumn,Q4
05/10/26,2026,Autumn,Q4
06/10/26,2026,Autumn,Q4
07/10/26,2026,Autumn,Q4
08/10/26,2026,Autumn,Q4
09/10/26,2026,Autumn,Q4
10/10/26,2026,Autumn,Q4
11/10/26,2026,Autumn,Q4
12/10/26,2026,Autumn,Q4
13/10/26,2026,Autumn,Q4
14/10/26,2026,Autumn,Q4
15/10/26,2026,Autumn,Q4
16/10/26,2026,Autumn,Q4
17/10/26,2026,Autumn,Q4
18/10/26,2026,Autumn,Q4
19/10/26,2026,Autumn,Q4
20/10/26,2026,Autumn,Q4
21/10/26,2026,Autumn,Q4
22/10/26,2026,Autumn,Q4
23/10/26,2026,Autumn,Q4
24/10/26,2026,Autumn,Q4
25/10/26,2026,Autumn,Q4
26/10/26,2026,Autumn,Q4
27/10/26,2026,Autumn,Q4
28/10/26,2026,Autumn,Q4
29/10/26,2026,Autumn,Q4
30/10/26,2026,Autumn,Q4
31/10/26,2026,Autumn,Q4
01/11/26,2026,Autumn,Q4
02/11/26,2026,Autumn,Q4
03/11/26,2026,Autumn,Q4
04/11/26,2026,Autumn,Q4
05/11/26,2026,Autumn,Q4
06/11/26,2026,Autumn,Q4
07/11/26,2026,Autumn,Q4
08/11/26,2026,Autumn,Q4
09/11/26,2026,Autumn,Q4
10/11/26,2026,Autumn,Q4
11/11/26,2026,Autumn,Q4
12/11/26,2026,Autumn,Q4
13/11/26,2026,Autumn,Q4
14/11/26,2026,Autumn,Q4
15/11/26,2026,Autumn,Q4
16/11/26,2026,Autumn,Q4
17/11/26,2026,Autumn,Q4
18/11/26,2026,Autumn,Q4
19/11/26,2026,Autumn,Q4
20/11/26,2026,Autumn,Q4
21/11/26,2026,Autumn,Q4
22/11/26,2026,Autumn,Q4
23/11/26,2026,Autumn,Q4
24/11/26,2026,Autumn,Q4
25/11/26,2026,Autumn,Q4
26/11/26,2026,Autumn,Q4
27/11/26,2026,Autumn,Q4
28/11/26,2026,Autumn,Q4
29/11/26,2026,Autumn,Q4
30/11/26,2026,Autumn,Q4
01/12/26,2026,Winter,Q4
02/12/26,2026,Winter,Q4
03/12/26,2026,Winter,Q4
04/12/26,2026,Winter,Q4
05/12/26,2026,Winter,Q4
06/12/26,2026,Winter,Q4
07/12/26,2026,Winter,Q4
08/12/26,2026,Winter,Q4
09/12/26,2026,Winter,Q4
10/12/26,2026,Winter,Q4
11/12/26,2026,Winter,Q4
12/12/26,2026,Winter,Q4
13/12/26,2026,Winter,Q4
14/12/26,2026,Winter,Q4
15/12/26,2026,Winter,Q4
16/12/26,2026,Winter,Q4
17/12/26,2026,Winter,Q4
18/12/26,2026,Winter,Q4
19/12/26,2026,Winter,Q4
20/12/26,2026,Winter,Q4
21/12/26,2026,Winter,Q4
22/12/26,2026,Winter,Q4
23/12/26,2026,Winter,Q4
24/12/26,2026,Winter,Q4
25/12/26,2026,Winter,Q4
26/12/26,2026,Winter,Q4
27/12/26,2026,Winter,Q4
28/12/26,2026,Winter,Q4
29/12/26,2026,Winter,Q4
30/12/26,2026,Winter,Q4
31/12/26,2026,Winter,Q4
01/01/27,2027,Winter,Q1
02/01/27,2027,Winter,Q1
03/01/27,2027,Winter,Q1
04/01/27,2027,Winter,Q1
05/01/27,2027,Winter,Q1
06/01/27,2027,Winter,Q1
07/01/27,2027,Winter,Q1
08/01/27,2027,Winter,Q1
09/01/27,2027,Winter,Q1
10/01/27,2027,Winter,Q1
11/01/27,2027,Winter,Q1
12/01/27,2027,Winter,Q1
13/01/27,2027,Winter,Q1
14/01/27,2027,Winter,Q1
15/01/27,2027,Winter,Q1
16/01/27,2027,Winter,Q1
17/01/27,2027,Winter,Q1
18/01/27,2027,Winter,Q1
19/01/27,2027,Winter,Q1
20/01/27,2027,Winter,Q1
21/01/27,2027,Winter,Q1
22/01/27,2027,Winter,Q1
23/01/27,2027,Winter,Q1
24/01/27,2027,Winter,Q1
25/01/27,2027,Winter,Q1
26/01/27,2027,Winter,Q1
27/01/27,2027,Winter,Q1
28/01/27,2027,Winter,Q1
29/01/27,2027,Winter,Q1
30/01/27,2027,Winter,Q1
31/01/27,2027,Winter,Q1
01/02/27,2027,Winter,Q1
02/02/27,2027,Winter,Q1
03/02/27,2027,Winter,Q1
04/02/27,2027,Winter,Q1
05/02/27,2027,Winter,Q1
06/02/27,2027,Winter,Q1
07/02/27,2027,Winter,Q1
08/02/27,2027,Winter,Q1
09/02/27,2027,Winter,Q1
10/02/27,2027,Winter,Q1
11/02/27,2027,Winter,Q1
12/02/27,2027,Winter,Q1
13/02/27,2027,Winter,Q1
14/02/27,2027,Winter,Q1
15/02/27,2027,Winter,Q1
16/02/27,2027,Winter,Q1
17/02/27,2027,Winter,Q1
18/02/27,2027,Winter,Q1
19/02/27,2027,Winter,Q1
20/02/27,2027,Winter,Q1
21/02/27,2027,Winter,Q1
22/02/27,2027,Winter,Q1
23/02/27,2027,Winter,Q1
24/02/27,2027,Winter,Q1
25/02/27,2027,Winter,Q1
26/02/27,2027,Winter,Q1
27/02/27,2027,Winter,Q1
28/02/27,2027,Winter,Q1
01/03/27,2027,Spring,Q1
02/03/27,2027,Spring,Q1
03/03/27,2027,Spring,Q1
04/03/27,2027,Spring,Q1
05/03/27,2027,Spring,Q1
06/03/27,2027,Spring,Q1
07/03/27,2027,Spring,Q1
08/03/27,2027,Spring,Q1
09/03/27,2027,Spring,Q1
10/03/27,2027,Spring,Q1
11/03/27,2027,Spring,Q1
12/03/27,2027,Spring,Q1
13/03/27,2027,Spring,Q1
14/03/27,2027,Spring,Q1
15/03/27,2027,Spring,Q1
16/03/27,2027,Spring,Q1
17/03/27,2027,Spring,Q1
18/03/27,2027,Spring,Q1
19/03/27,2027,Spring,Q1
20/03/27,2027,Spring,Q1
21/03/27,2027,Spring,Q1
22/03/27,2027,Spring,Q1
23/03/27,2027,Spring,Q1
24/03/27,2027,Spring,Q1
25/03/27,2027,Spring,Q1
26/03/27,2027,Spring,Q1
27/03/27,2027,Spring,Q1
28/03/27,2027,Spring,Q1
29/03/27,2027,Spring,Q1
30/03/27,2027,Spring,Q1
31/03/27,2027,Spring,Q1
01/04/27,2027,Spring,Q2
02/04/27,2027,Spring,Q2
03/04/27,2027,Spring,Q2
04/04/27,2027,Spring,Q2
05/04/27,2027,Spring,Q2
06/04/27,2027,Spring,Q2
07/04/27,2027,Spring,Q2
08/04/27,2027,Spring,Q2
09/04/27,2027,Spring,Q2
10/04/27,2027,Spring,Q2
11/04/27,2027,Spring,Q2
12/04/27,2027,Spring,Q2
13/04/27,2027,Spring,Q2
14/04/27,2027,Spring,Q2
15/04/27,2027,Spring,Q2
16/04/27,2027,Spring,Q2
17/04/27,2027,Spring,Q2
18/04/27,2027,Spring,Q2
19/04/27,2027,Spring,Q2
20/04/27,2027,Spring,Q2
21/04/27,2027,Spring,Q2
22/04/27,2027,Spring,Q2
23/04/27,2027,Spring,Q2
24/04/27,2027,Spring,Q2
25/04/27,2027,Spring,Q2
26/04/27,2027,Spring,Q2
27/04/27,2027,Spring,Q2
28/04/27,2027,Spring,Q2
29/04/27,2027,Spring,Q2
30/04/27,2027,Spring,Q2
01/05/27,2027,Spring,Q2
02/05/27,2027,Spring,Q2
03/05/27,2027,Spring,Q2
04/05/27,2027,Spring,Q2
05/05/27,2027,Spring,Q2
06/05/27,2027,Spring,Q2
07/05/27,2027,Spring,Q2
08/05/27,2027,Spring,Q2
09/05/27,2027,Spring,Q2
10/05/27,2027,Spring,Q2
11/05/27,2027,Spring,Q2
12/05/27,2027,Spring,Q2
13/05/27,2027,Spring,Q2
14/05/27,2027,Spring,Q2
15/05/27,2027,Spring,Q2
16/05/27,2027,Spring,Q2
17/05/27,2027,Spring,Q2
18/05/27,2027,Spring,Q2
19/05/27,2027,Spring,Q2
20/05/27,2027,Spring,Q2
21/05/27,2027,Spring,Q2
22/05/27,2027,Spring,Q2
23/05/27,2027,Spring,Q2
24/05/27,2027,Spring,Q2
25/05/27,2027,Spring,Q2
26/05/27,2027,Spring,Q2
27/05/27,2027,Spring,Q2
28/05/27,2027,Spring,Q2
29/05/27,2027,Spring,Q2
30/05/27,2027,Spring,Q2
31/05/27,2027,Spring,Q2
01/06/27,2027,Summer,Q2
02/06/27,2027,Summer,Q2
03/06/27,2027,Summer,Q2
04/06/27,2027,Summer,Q2
05/06/27,2027,Summer,Q2
06/06/27,2027,Summer,Q2
07/06/27,2027,Summer,Q2
08/06/27,2027,Summer,Q2
09/06/27,2027,Summer,Q2
10/06/27,2027,Summer,Q2
11/06/27,2027,Summer,Q2
12/06/27,2027,Summer,Q2
13/06/27,2027,Summer,Q2
14/06/27,2027,Summer,Q2
15/06/27,2027,Summer,Q2
16/06/27,2027,Summer,Q2
17/06/27,2027,Summer,Q2
18/06/27,2027,Summer,Q2
19/06/27,2027,Summer,Q2
20/06/27,2027,Summer,Q2
21/06/27,2027,Summer,Q2
22/06/27,2027,Summer,Q2
23/06/27,2027,Summer,Q2
24/06/27,2027,Summer,Q2
25/06/27,2027,Summer,Q2
26/06/27,2027,Summer,Q2
27/06/27,2027,Summer,Q2
28/06/27,2027,Summer,Q2
29/06/27,2027,Summer,Q2
30/06/27,2027,Summer,Q2
01/07/27,2027,Summer,Q3
02/07/27,2027,Summer,Q3
03/07/27,2027,Summer,Q3
04/07/27,2027,Summer,Q3
05/07/27,2027,Summer,Q3
06/07/27,2027,Summer,Q3
07/07/27,2027,Summer,Q3
08/07/27,2027,Summer,Q3
09/07/27,2027,Summer,Q3
10/07/27,2027,Summer,Q3
11/07/27,2027,Summer,Q3
12/07/27,2027,Summer,Q3
13/07/27,2027,Summer,Q3
14/07/27,2027,Summer,Q3
15/07/27,2027,Summer,Q3
16/07/27,2027,Summer,Q3
17/07/27,2027,Summer,Q3
18/07/27,2027,Summer,Q3
19/07/27,2027,Summer,Q3
20/07/27,2027,Summer,Q3
21/07/27,2027,Summer,Q3
22/07/27,2027,Summer,Q3
23/07/27,2027,Summer,Q3
24/07/27,2027,Summer,Q3
25/07/27,2027,Summer,Q3
26/07/27,2027,Summer,Q3
27/07/27,2027,Summer,Q3
28/07/27,2027,Summer,Q3
29/07/27,2027,Summer,Q3
30/07/27,2027,Summer,Q3
31/07/27,2027,Summer,Q3
01/08/27,2027,Summer,Q3
02/08/27,2027,Summer,Q3
03/08/27,2027,Summer,Q3
04/08/27,2027,Summer,Q3
05/08/27,2027,Summer,Q3
06/08/27,2027,Summer,Q3
07/08/27,2027,Summer,Q3
08/08/27,2027,Summer,Q3
09/08/27,2027,Summer,Q3
10/08/27,2027,Summer,Q3
11/08/27,2027,Summer,Q3
12/08/27,2027,Summer,Q3
13/08/27,2027,Summer,Q3
14/08/27,2027,Summer,Q3
15/08/27,2027,Summer,Q3
16/08/27,2027,Summer,Q3
17/08/27,2027,Summer,Q3
18/08/27,2027,Summer,Q3
19/08/27,2027,Summer,Q3
20/08/27,2027,Summer,Q3
21/08/27,2027,Summer,Q3
22/08/27,2027,Summer,Q3
23/08/27,2027,Summer,Q3
24/08/27,2027,Summer,Q3
25/08/27,2027,Summer,Q3
26/08/27,2027,Summer,Q3
27/08/27,2027,Summer,Q3
28/08/27,2027,Summer,Q3
29/08/27,2027,Summer,Q3
30/08/27,2027,Summer,Q3
31/08/27,2027,Summer,Q3
01/09/27,2027,Autumn,Q3
02/09/27,2027,Autumn,Q3
03/09/27,2027,Autumn,Q3
04/09/27,2027,Autumn,Q3
05/09/27,2027,Autumn,Q3
06/09/27,2027,Autumn,Q3
07/09/27,2027,Autumn,Q3
08/09/27,2027,Autumn,Q3
09/09/27,2027,Autumn,Q3
10/09/27,2027,Autumn,Q3
11/09/27,2027,Autumn,Q3
12/09/27,2027,Autumn,Q3
13/09/27,2027,Autumn,Q3
14/09/27,2027,Autumn,Q3
15/09/27,2027,Autumn,Q3
16/09/27,2027,Autumn,Q3
17/09/27,2027,Autumn,Q3
18/09/27,2027,Autumn,Q3
19/09/27,2027,Autumn,Q3
20/09/27,2027,Autumn,Q3
21/09/27,2027,Autumn,Q3
22/09/27,2027,Autumn,Q3
23/09/27,2027,Autumn,Q3
24/09/27,2027,Autumn,Q3
25/09/27,2027,Autumn,Q3
26/09/27,2027,Autumn,Q3
27/09/27,2027,Autumn,Q3
28/09/27,2027,Autumn,Q3
29/09/27,2027,Autumn,Q3
30/09/27,2027,Autumn,Q3
01/10/27,2027,Autumn,Q4
02/10/27,2027,Autumn,Q4
03/10/27,2027,Autumn,Q4
04/10/27,2027,Autumn,Q4
05/10/27,2027,Autumn,Q4
06/10/27,2027,Autumn,Q4
07/10/27,2027,Autumn,Q4
08/10/27,2027,Autumn,Q4
09/10/27,2027,Autumn,Q4
10/10/27,2027,Autumn,Q4
11/10/27,2027,Autumn,Q4
12/10/27,2027,Autumn,Q4
13/10/27,2027,Autumn,Q4
14/10/27,2027,Autumn,Q4
15/10/27,2027,Autumn,Q4
16/10/27,2027,Autumn,Q4
17/10/27,2027,Autumn,Q4
18/10/27,2027,Autumn,Q4
19/10/27,2027,Autumn,Q4
20/10/27,2027,Autumn,Q4
21/10/27,2027,Autumn,Q4
22/10/27,2027,Autumn,Q4
23/10/27,2027,Autumn,Q4
24/10/27,2027,Autumn,Q4
25/10/27,2027,Autumn,Q4
26/10/27,2027,Autumn,Q4
27/10/27,2027,Autumn,Q4
28/10/27,2027,Autumn,Q4
29/10/27,2027,Autumn,Q4
30/10/27,2027,Autumn,Q4
31/10/27,2027,Autumn,Q4
01/11/27,2027,Autumn,Q4
02/11/27,2027,Autumn,Q4
03/11/27,2027,Autumn,Q4
04/11/27,2027,Autumn,Q4
05/11/27,2027,Autumn,Q4
06/11/27,2027,Autumn,Q4
07/11/27,2027,Autumn,Q4
08/11/27,2027,Autumn,Q4
09/11/27,2027,Autumn,Q4
10/11/27,2027,Autumn,Q4
11/11/27,2027,Autumn,Q4
12/11/27,2027,Autumn,Q4
13/11/27,2027,Autumn,Q4
14/11/27,2027,Autumn,Q4
15/11/27,2027,Autumn,Q4
16/11/27,2027,Autumn,Q4
17/11/27,2027,Autumn,Q4
18/11/27,2027,Autumn,Q4
19/11/27,2027,Autumn,Q4
20/11/27,2027,Autumn,Q4
21/11/27,2027,Autumn,Q4
22/11/27,2027,Autumn,Q4
23/11/27,2027,Autumn,Q4
24/11/27,2027,Autumn,Q4
25/11/27,2027,Autumn,Q4
26/11/27,2027,Autumn,Q4
27/11/27,2027,Autumn,Q4
28/11/27,2027,Autumn,Q4
29/11/27,2027,Autumn,Q4
30/11/27,2027,Autumn,Q4
01/12/27,2027,Winter,Q4
02/12/27,2027,Winter,Q4
03/12/27,2027,Winter,Q4
04/12/27,2027,Winter,Q4
05/12/27,2027,Winter,Q4
06/12/27,2027,Winter,Q4
07/12/27,2027,Winter,Q4
08/12/27,2027,Winter,Q4
09/12/27,2027,Winter,Q4
10/12/27,2027,Winter,Q4
11/12/27,2027,Winter,Q4
12/12/27,2027,Winter,Q4
13/12/27,2027,Winter,Q4
14/12/27,2027,Winter,Q4
15/12/27,2027,Winter,Q4
16/12/27,2027,Winter,Q4
17/12/27,2027,Winter,Q4
18/12/27,2027,Winter,Q4
19/12/27,2027,Winter,Q4
20/12/27,2027,Winter,Q4
21/12/27,2027,Winter,Q4
22/12/27,2027,Winter,Q4
23/12/27,2027,Winter,Q4
24/12/27,2027,Winter,Q4
25/12/27,2027,Winter,Q4
26/12/27,2027,Winter,Q4
27/12/27,2027,Winter,Q4
28/12/27,2027,Winter,Q4
29/12/27,2027,Winter,Q4
30/12/27,2027,Winter,Q4
31/12/27,2027,Winter,Q4
01/01/28,2028,Winter,Q1
02/01/28,2028,Winter,Q1
03/01/28,2028,Winter,Q1
04/01/28,2028,Winter,Q1
05/01/28,2028,Winter,Q1
06/01/28,2028,Winter,Q1
07/01/28,2028,Winter,Q1
08/01/28,2028,Winter,Q1
09/01/28,2028,Winter,Q1
10/01/28,2028,Winter,Q1
11/01/28,2028,Winter,Q1
12/01/28,2028,Winter,Q1
13/01/28,2028,Winter,Q1
14/01/28,2028,Winter,Q1
15/01/28,2028,Winter,Q1
16/01/28,2028,Winter,Q1
17/01/28,2028,Winter,Q1
18/01/28,2028,Winter,Q1
19/01/28,2028,Winter,Q1
20/01/28,2028,Winter,Q1
21/01/28,2028,Winter,Q1
22/01/28,2028,Winter,Q1
23/01/28,2028,Winter,Q1
24/01/28,2028,Winter,Q1
25/01/28,2028,Winter,Q1
26/01/28,2028,Winter,Q1
27/01/28,2028,Winter,Q1
28/01/28,2028,Winter,Q1
29/01/28,2028,Winter,Q1